,user,user_id,location,is_reply_to,reply_id,is_quoted,is_rt,time
0,tmj_bel_sales,38590535,Brussels,,,False,False,2020-12-30 11:27:01
1,JonTheGold,295970255,Antwerp,JonTheGold,295970255,False,False,2020-12-30 11:26:56
2,AnaelleVanophem,4633017581,Etterbeek,AnaelleVanophem,4633017581,False,False,2020-12-30 11:26:43
3,JonTheGold,295970255,Antwerp,,,False,False,2020-12-30 11:26:32
4,DroverYvo,1285614436489854981,Ostend,,,False,False,2020-12-30 11:26:00
5,ibnkafka,14250699,Brussels,Words_failed,703503742432382976,False,False,2020-12-30 11:25:56
6,JackyVandecast1,1324290998432878593,Tielt,Jacqlin28,1204652975035179010,False,False,2020-12-30 11:25:55
7,AnaelleVanophem,4633017581,Elsene,MinYoonKingg,1060972886872219648,False,False,2020-12-30 11:25:41
8,yesimtireddd,3304140819,Ghent,m_skoudi,1126773198,False,False,2020-12-30 11:25:25
9,thblomme,26269844,Ghent,,,True,False,2020-12-30 11:25:18
10,tinynews_be,29404934,Chièvres,MINETCHERI1,234466412,False,False,2020-12-30 11:25:14
11,GhitouT,126100193,Belgium,TeamCaptainJohn,190766916,False,False,2020-12-30 11:24:57
12,JackyVandecast1,1324290998432878593,Tielt,Janet_zebra,1293531273122779136,False,False,2020-12-30 11:24:29
13,Sedat_baki,797888040,Ghent,TFF_Org,2327218472,False,False,2020-12-30 11:24:29
14,PWullen,4871482462,Ghent,,,False,False,2020-12-30 11:24:26
15,jennantoniio,563831314,Zwijndrecht,,,False,False,2020-12-30 11:24:13
16,DarthSquig,19772495,Etterbeek,,,True,False,2020-12-30 11:23:56
17,inyaevens,703308938217988097,Opglabbeek,,,True,False,2020-12-30 11:23:55
18,nonkelpier,44210445,Brakel,drWouterArrazol,1662209748,False,False,2020-12-30 11:23:46
19,GlennP44447493,1161744824309092352,Knokke-Heist,,,False,False,2020-12-30 11:23:24
20,pa_Sanchez_1978,2733349157,Jette,dizdanae,2799952018,False,False,2020-12-30 11:23:23
21,JackyVandecast1,1324290998432878593,Tielt,An20_03,1109814283288887296,False,False,2020-12-30 11:23:20
22,CanibalSuicune,932144786,Mons,,,True,False,2020-12-30 11:23:10
23,CatherineMols2,1226120319670407169,Poperinge,TeamChaos22,4112443817,False,False,2020-12-30 11:23:07
24,DroverYvo,1285614436489854981,Ostend,,,False,False,2020-12-30 11:22:48
25,ByKimysmile,245306498,Gesves,,,False,False,2020-12-30 11:22:47
26,KevinDeruyck,468752924,Bruges,,,False,False,2020-12-30 11:22:29
27,thblomme,26269844,Ghent,dbervoet,230209323,False,False,2020-12-30 11:22:29
28,StarcasinoTeam,221819336,Bredene,,,False,False,2020-12-30 11:22:28
29,JackyVandecast1,1324290998432878593,Tielt,Jacqlin28,1204652975035179010,False,False,2020-12-30 11:22:25
30,ByKimysmile,245306498,Gesves,Elenaptitkinder,398543730,False,False,2020-12-30 11:22:22
31,DarthSquig,19772495,Etterbeek,DarthSquig,19772495,True,False,2020-12-30 11:22:20
32,JackyVandecast1,1324290998432878593,Tielt,johndevries312,4112122833,False,False,2020-12-30 11:22:07
33,FransVerstrepe2,797418720729645060,Bruges,JOLANDAGAAL,105920014,False,False,2020-12-30 11:21:53
34,DarthSquig,19772495,Etterbeek,,,True,False,2020-12-30 11:21:41
35,tinynews_be,29404934,Chièvres,,,True,False,2020-12-30 11:21:30
36,JackyVandecast1,1324290998432878593,Tielt,An20_03,1109814283288887296,False,False,2020-12-30 11:21:29
37,mizero144,2662314236,Namur,ApolloSmile,3176816299,False,False,2020-12-30 11:21:28
38,DroverYvo,1285614436489854981,Ostend,Otin_Marco,62352071,False,False,2020-12-30 11:21:27
39,DroverYvo,1285614436489854981,Ostend,Otin_Marco,62352071,False,False,2020-12-30 11:21:05
40,JackyVandecast1,1324290998432878593,Tielt,johndevries312,4112122833,False,False,2020-12-30 11:20:57
41,Afazar1,2613348452,Meix-Devant-Virton,DrMumbogoShyaka,986719212147273730,False,False,2020-12-30 11:20:42
42,zikaele,932594007489826816,Sint-Gillis,GreekAnalyst,2977900810,False,False,2020-12-30 11:20:26
43,joukesp,525285274,Zemst,RussellVine1981,50395799,False,False,2020-12-30 11:20:13
44,GOENRI,113915864,Ukkel,EVANVAERENBERGH,737148028478447620,False,False,2020-12-30 11:20:10
45,CatherineMols2,1226120319670407169,Poperinge,Siennaeva11,3403158389,False,False,2020-12-30 11:20:08
46,BelgeFrancois,871826057632022529,Jette,,,True,False,2020-12-30 11:19:56
47,ByKimysmile,245306498,Gesves,marweirdloud,1641204204,False,False,2020-12-30 11:19:47
48,tmj_bel_legal,39249187,Waterloo,,,False,False,2020-12-30 11:19:20
49,tanglive,121834957,Schaarbeek,xdamman,55993,False,False,2020-12-30 11:19:00
50,meinertttt,127246601,Wervik,amsterdamsblauw,332715929,False,False,2020-12-30 11:18:44
51,tinynews_be,29404934,Chièvres,ThalieYoung,2900523916,False,False,2020-12-30 11:18:39
52,Stefke_B,141741970,Liedekerke,,,True,False,2020-12-30 11:18:29
53,DroverYvo,1285614436489854981,Ostend,Otin_Marco,62352071,False,False,2020-12-30 11:18:28
54,JumpMaaan,3306136005,Brussels,,,False,False,2020-12-30 11:18:09
55,KivenMaurine,818414452429176833,Antwerp,bkclaud,2186823215,False,False,2020-12-30 11:17:59
56,Tom_VA_,785131152390688768,Ghent,harry_depaepe,4688337553,False,False,2020-12-30 11:17:57
57,robbekurt,848241157968736257,Jabbeke,DomiSGT,515781676,False,False,2020-12-30 11:17:56
58,LaurensVanBoven,59398850,Zottegem,,,True,False,2020-12-30 11:17:52
59,Verxe,59207323,Kortemark,LudwigBollaerts,14169849,False,False,2020-12-30 11:17:32
60,bmeerschaut,1979537352,Aarschot,goodtalls,479543019,False,False,2020-12-30 11:17:07
61,JackyVandecast1,1324290998432878593,Tielt,Brigittevdr,1284535970298290177,False,False,2020-12-30 11:16:53
62,macarreina,63222416,Louvain,missofonia,120824527,False,False,2020-12-30 11:16:52
63,SamuelRossi21,1530235044,Izegem,The_Jester_Fr,3378549633,False,False,2020-12-30 11:16:50
64,DroverYvo,1285614436489854981,Ostend,Otin_Marco,62352071,False,False,2020-12-30 11:16:48
65,DroverYvo,1285614436489854981,Ostend,Otin_Marco,62352071,False,False,2020-12-30 11:16:23
66,tinynews_be,29404934,Chièvres,ClausVincent_1,3378687622,False,False,2020-12-30 11:16:21
67,Verxe,59207323,Kortemark,IvanVandeCloot,217097410,False,False,2020-12-30 11:16:16
68,inspiran_be,260419723,Wachtebeke,,,True,False,2020-12-30 11:16:16
69,FredPaulussen,601836294,Brussels,,,True,False,2020-12-30 11:16:14
70,AndyWouters9,1165749218964856833,Beringen,,,False,False,2020-12-30 11:16:10
71,JackyVandecast1,1324290998432878593,Tielt,Brigittevdr,1284535970298290177,False,False,2020-12-30 11:15:43
72,CatherineMols2,1226120319670407169,Poperinge,TeamChaos22,4112443817,False,False,2020-12-30 11:15:05
73,Verxe,59207323,Kortemark,GeertNoels,26088207,False,False,2020-12-30 11:14:46
74,joukesp,525285274,Zemst,ElizabethAnthi,60183182,False,False,2020-12-30 11:14:45
75,DarthSquig,19772495,Etterbeek,aluhutt,91400607,False,False,2020-12-30 11:14:44
76,am_dvlle,2601642692,Mouscron,,,True,False,2020-12-30 11:14:40
77,JackyVandecast1,1324290998432878593,Tielt,johndevries312,4112122833,False,False,2020-12-30 11:14:37
78,DDucheyne,214792314,Ghent,,,True,False,2020-12-30 11:14:32
79,wardmarkey,1032894392,Staden,amsterdamsblauw,332715929,False,False,2020-12-30 11:14:25
80,AndyWouters9,1165749218964856833,Beringen,,,False,False,2020-12-30 11:14:23
81,RoomForStyle,320143778,Mechelen,,,False,False,2020-12-30 11:14:18
82,CanibalSuicune,932144786,Mons,,,False,False,2020-12-30 11:14:05
83,LuytenCarina,784113198077272064,Herentals,,,False,False,2020-12-30 11:14:01
84,JackyVandecast1,1324290998432878593,Tielt,An20_03,1109814283288887296,False,False,2020-12-30 11:13:50
85,AdriVargasSalda,336634732,Wemmel,,,True,False,2020-12-30 11:13:47
86,JackyVandecast1,1324290998432878593,Tielt,Brigittevdr,1284535970298290177,False,False,2020-12-30 11:13:33
87,CatherineMols2,1226120319670407169,Poperinge,AndiBell,16600619,False,False,2020-12-30 11:13:18
88,JackyVandecast1,1324290998432878593,Tielt,Britta_World,1267582159876915201,False,False,2020-12-30 11:13:16
89,DarthSquig,19772495,Etterbeek,,,True,False,2020-12-30 11:12:45
90,mrvyldz__,1244436885151285248,Asse,madaaaameS,1270116499353743362,False,False,2020-12-30 11:12:41
91,t_mobilis_nl,55241812,Antwerp,,,False,False,2020-12-30 11:12:38
92,nonkelpier,44210445,Brakel,nonkelpier,44210445,False,False,2020-12-30 11:12:23
93,cyberMyaa,1163929060138999808,Grâce-Hollogne,,,False,False,2020-12-30 11:12:20
94,JackyVandecast1,1324290998432878593,Tielt,johndevries312,4112122833,False,False,2020-12-30 11:12:19
95,JackyVandecast1,1324290998432878593,Tielt,An20_03,1109814283288887296,False,False,2020-12-30 11:12:03
96,CanibalSuicune,932144786,Mons,,,False,False,2020-12-30 11:11:48
97,DarthSquig,19772495,Etterbeek,horatiorama,18492985,False,False,2020-12-30 11:11:40
98,t_mobilis_nl,55241812,Heusden-Zolder,,,False,False,2020-12-30 11:11:38
99,thirsaVE,716293197853552640,Antwerp,Dorien_hi,1273622846619688965,False,False,2020-12-30 11:11:31
100,nidjebu4,135436861,Etterbeek,,,True,False,2020-12-30 11:11:00
101,AndrCrem,358800943,Enghien,maisondagoit,809279793128685572,False,False,2020-12-30 11:10:57
102,bmeerschaut,1979537352,Aarschot,PieterjanGoris,2512543416,False,False,2020-12-30 11:10:55
103,wardmarkey,1032894392,Staden,Steff_Peeters,761768937667330048,False,False,2020-12-30 11:10:46
104,JackyVandecast1,1324290998432878593,Tielt,DianaPoel,750677413768617989,False,False,2020-12-30 11:10:43
105,angeliquedupre,57991855,Ghent,Sven_Blansaer,216797337,False,False,2020-12-30 11:10:28
106,DarthSquig,19772495,Etterbeek,,,False,False,2020-12-30 11:10:18
107,242Kurt,448371081,Kontich,PhRoose,185192570,False,False,2020-12-30 11:09:59
108,Melvorgazh,2294983794,Vorst,vonderleyen,1146329871418843136,False,False,2020-12-30 11:09:57
109,juniperlamorte,1262642263110422529,Ghent,sunne,3043601,False,False,2020-12-30 11:09:47
110,LakhloufiY,538197519,Vorst,,,True,False,2020-12-30 11:09:38
111,nonkelpier,44210445,Brakel,drWouterArrazol,1662209748,False,False,2020-12-30 11:09:36
112,tanglive,121834957,Schaarbeek,xdamman,55993,False,False,2020-12-30 11:09:25
113,TheVecci,925825798875111426,Wommelgem,,,False,False,2020-12-30 11:09:16
114,meinertttt,127246601,Wervik,TheRealStokke,4251415547,False,False,2020-12-30 11:08:48
115,bmeerschaut,1979537352,Aarschot,ParisDaguerre,37659695,False,False,2020-12-30 11:08:33
116,baronjona,1300841490562908160,Mol,RealmZ_BTW,1214616712957566984,False,False,2020-12-30 11:08:33
117,Fricozoid,585564265,Ypres,camillemaerten,2327800002,False,False,2020-12-30 11:08:28
118,wardmarkey,1032894392,Staden,herboschjoris,718706266068160512,False,False,2020-12-30 11:08:00
119,Melvorgazh,2294983794,Vorst,silverf29093450,1234164876190388225,False,False,2020-12-30 11:07:53
120,nidjebu4,135436861,Etterbeek,,,True,False,2020-12-30 11:07:41
121,eurostarslogist,1146917384894238725,Antwerp,,,False,False,2020-12-30 11:07:23
122,JackyVandecast1,1324290998432878593,Tielt,beautysatheaven,191839269,False,False,2020-12-30 11:07:16
123,goudaphotograph,2419152120,Asse,KhaledDa24,945612632,False,False,2020-12-30 11:06:27
124,JackyVandecast1,1324290998432878593,Tielt,An20_03,1109814283288887296,False,False,2020-12-30 11:06:25
125,MrTweetBullshit,100396091,Brussels,velltrades,1105245745421185024,False,False,2020-12-30 11:06:25
126,LakhloufiY,538197519,Vorst,Hugues,11634432,False,False,2020-12-30 11:06:21
127,BurakCanKaymaz,1124510726,Diest,,,False,False,2020-12-30 11:06:14
128,JackyVandecast1,1324290998432878593,Tielt,An20_03,1109814283288887296,False,False,2020-12-30 11:06:13
129,u_mml,2870412497,Herstal,slmhktn,753940380,False,False,2020-12-30 11:05:34
130,242Kurt,448371081,Kontich,TRoggeman,1083406650,False,False,2020-12-30 11:05:32
131,joscarwilde,56056450,Boutersem,,,True,False,2020-12-30 11:05:30
132,JackyVandecast1,1324290998432878593,Tielt,An20_03,1109814283288887296,False,False,2020-12-30 11:05:23
133,ronald_roelandt,3653254156,Heuvelland,ronald_roelandt,3653254156,False,False,2020-12-30 11:05:12
134,PeterPositief,238608213,Brussels,,,False,False,2020-12-30 11:05:03
135,tjaderidder,107351701,Charleroi,Alex_Mbz,1433689621,False,False,2020-12-30 11:04:57
136,JJDohmen7,2177803237,Anderlecht,,,False,False,2020-12-30 11:04:49
137,CanibalSuicune,932144786,Mons,,,True,False,2020-12-30 11:04:47
138,DavidJahmill,286265524,Antwerp,Dommanpapi,824518560852631552,False,False,2020-12-30 11:04:42
139,SjoekeMalfait,3937124176,Evergem,JustMe0095,56653429,False,False,2020-12-30 11:04:38
140,u_mml,2870412497,Herstal,Avicenna_Razi,1171759632374779904,False,False,2020-12-30 11:04:33
141,Awkward0ne,1064275097102495744,Mechelen,,,False,False,2020-12-30 11:04:25
142,JackyVandecast1,1324290998432878593,Tielt,Britta_World,1267582159876915201,False,False,2020-12-30 11:04:22
143,ronald_roelandt,3653254156,Heuvelland,superzu,5652972,False,False,2020-12-30 11:04:03
144,juniperlamorte,1262642263110422529,Ghent,sunne,3043601,False,False,2020-12-30 11:03:59
145,u_mml,2870412497,Herstal,Avicenna_Razi,1171759632374779904,False,False,2020-12-30 11:03:54
146,Bluesbully,4374678460,Genk,greendaychick57,83355233,False,False,2020-12-30 11:03:54
147,cestadil,1317733284030353408,Dilbeek,,,False,False,2020-12-30 11:03:52
148,JackyVandecast1,1324290998432878593,Tielt,beautysatheaven,191839269,False,False,2020-12-30 11:03:39
149,nidjebu4,135436861,Etterbeek,,,True,False,2020-12-30 11:03:29
150,DielsDirk,536431389,Antwerp,MbayeLeye,431016039,False,False,2020-12-30 11:03:13
151,SofieJanssen5,1329849398587756546,Hechtel-Eksel,,,False,False,2020-12-30 11:03:11
152,JackyVandecast1,1324290998432878593,Tielt,An20_03,1109814283288887296,False,False,2020-12-30 11:02:55
153,robbekurt,848241157968736257,Jabbeke,,,False,False,2020-12-30 11:02:52
154,aarontheworld_,39993576,Ghent,iamrodafrog,78922546,False,False,2020-12-30 11:02:44
155,BiancaCvozC1,928260889031200773,Overpelt,,,False,False,2020-12-30 11:02:19
156,ronald_roelandt,3653254156,Heuvelland,Ingeborgvraagt,308538615,False,False,2020-12-30 11:02:16
157,robbekurt,848241157968736257,Jabbeke,BartStandaert,130075853,False,False,2020-12-30 11:01:56
158,SjoekeMalfait,3937124176,Evergem,JustMe0095,56653429,False,False,2020-12-30 11:01:50
159,JackyVandecast1,1324290998432878593,Tielt,Janet_zebra,1293531273122779136,False,False,2020-12-30 11:01:34
160,SteffiVerheye98,274071430,Kortrijk,,,False,False,2020-12-30 11:01:27
161,nidjebu4,135436861,Etterbeek,,,True,False,2020-12-30 11:01:27
162,PaulDeBruyn2,738739234677358593,Mortsel,Socksoff1,1619335836,False,False,2020-12-30 11:01:21
163,BiancaCvozC1,928260889031200773,Overpelt,,,False,False,2020-12-30 11:01:05
164,u_mml,2870412497,Herstal,herkesicinCHP,255515879,False,False,2020-12-30 11:00:56
165,rolandvanwerde,1538482177,Louvain,,,False,False,2020-12-30 11:00:50
166,BiancaCvozC1,928260889031200773,Overpelt,,,False,False,2020-12-30 11:00:40
167,nonkelpier,44210445,Brakel,nonkelpier,44210445,False,False,2020-12-30 11:00:36
168,_Sigrid,82905753,Baelen,,,False,False,2020-12-30 11:00:34
169,JackyVandecast1,1324290998432878593,Tielt,Jacqlin28,1204652975035179010,False,False,2020-12-30 11:00:31
170,nidjebu4,135436861,Etterbeek,,,True,False,2020-12-30 11:00:29
171,LouisMa09695417,1067793436034719744,Etalle,Yves_Grecourt,436806689,False,False,2020-12-30 11:00:16
172,SantozK,7183042,Aiseau-Presles,,,False,False,2020-12-30 11:00:15
173,JackyVandecast1,1324290998432878593,Tielt,An20_03,1109814283288887296,False,False,2020-12-30 11:00:10
174,BiancaCvozC1,928260889031200773,Overpelt,,,False,False,2020-12-30 11:00:08
175,STIER36658876,1232601529414234113,Evergem,dbtibet,161021704,False,False,2020-12-30 10:59:54
176,SjoekeMalfait,3937124176,Evergem,JustMe0095,56653429,False,False,2020-12-30 10:59:50
177,JackyVandecast1,1324290998432878593,Tielt,johndevries312,4112122833,False,False,2020-12-30 10:59:27
178,Awkward0ne,1064275097102495744,Mechelen,,,False,False,2020-12-30 10:59:15
179,BiancaCvozC1,928260889031200773,Overpelt,,,False,False,2020-12-30 10:59:13
180,juniperlamorte,1262642263110422529,Ghent,,,False,False,2020-12-30 10:59:11
181,Stephan91919816,1281524623440519168,Perwez,,,False,False,2020-12-30 10:59:03
182,Melvorgazh,2294983794,Vorst,silverf29093450,1234164876190388225,False,False,2020-12-30 10:59:01
183,JackyVandecast1,1324290998432878593,Tielt,An20_03,1109814283288887296,False,False,2020-12-30 10:58:54
184,PaulDeBruyn2,738739234677358593,Mortsel,Socksoff1,1619335836,False,False,2020-12-30 10:58:47
185,tmj_bel_eng,39292529,Welkenraedt,,,False,False,2020-12-30 10:58:46
186,piaurero1004,3155300344,Berloz,belge_sympa,3037752646,False,False,2020-12-30 10:58:41
187,u_mml,2870412497,Herstal,,,False,False,2020-12-30 10:58:39
188,Tw40849232,910809589213474817,Bruges,MbayeLeye,431016039,False,False,2020-12-30 10:58:39
189,KopanoMaroga,274987944,Anderlecht,ztsamudzi,2968635633,True,False,2020-12-30 10:58:36
190,LouisMa09695417,1067793436034719744,Etalle,Dronesky2000,4652416887,False,False,2020-12-30 10:58:30
191,STIER36658876,1232601529414234113,Evergem,vlbelang,22473403,False,False,2020-12-30 10:58:27
192,SjoekeMalfait,3937124176,Evergem,,,False,False,2020-12-30 10:58:12
193,KabongoRichard4,909761210555432960,Mons,Mungedi3,1237539507425161216,False,False,2020-12-30 10:58:07
194,EvyTerrific,897113256187375616,Antwerp,,,False,False,2020-12-30 10:58:07
195,JackyVandecast1,1324290998432878593,Tielt,kiekelekoekje,906555485926633472,False,False,2020-12-30 10:58:04
196,W_Dobbel,53185729,Knesselare,bertvstnberghe,223474280,False,False,2020-12-30 10:57:58
197,nidjebu4,135436861,Etterbeek,,,True,False,2020-12-30 10:57:55
198,BiancaCvozC1,928260889031200773,Overpelt,,,False,False,2020-12-30 10:57:44
199,BiancaCvozC1,928260889031200773,Overpelt,,,False,False,2020-12-30 10:57:35
200,BiancaCvozC1,928260889031200773,Overpelt,,,False,False,2020-12-30 10:57:25
201,SpikieJonas,221235950,Tienen,i0n1c,16365707,False,False,2020-12-30 10:57:22
202,pierrepinte,142374216,Tubize,HugoPoliart,143734017,False,False,2020-12-30 10:57:09
203,UncleTom_mass,154175356,Merelbeke,,,False,False,2020-12-30 10:57:06
204,KabongoRichard4,909761210555432960,Mons,leParrainRDC,4825540504,False,False,2020-12-30 10:56:59
205,FredPaulussen,601836294,Brussels,,,False,False,2020-12-30 10:56:48
206,LouisMa09695417,1067793436034719744,Etalle,BoumBaDaBoum_,1294732374304010240,False,False,2020-12-30 10:56:46
207,Tw40849232,910809589213474817,Bruges,,,False,False,2020-12-30 10:56:46
208,desmetph,47770968,Blankenberge,,,False,False,2020-12-30 10:56:37
209,FransVerstrepe2,797418720729645060,Bruges,adevaere,218064347,False,False,2020-12-30 10:56:37
210,Bluesbully,4374678460,Genk,Tikitea1974,625409610,False,False,2020-12-30 10:56:32
211,Melvorgazh,2294983794,Vorst,Trilluminarian,2790147350,False,False,2020-12-30 10:56:24
212,JackyVandecast1,1324290998432878593,Tielt,beautysatheaven,191839269,False,False,2020-12-30 10:56:22
213,Tw40849232,910809589213474817,Bruges,,,False,False,2020-12-30 10:56:14
214,Rasta_Red69,907739563,Fléron,KevSauvage,819194538891902976,False,False,2020-12-30 10:56:11
215,mateoARTS,917059635948982272,Ghent,xa_yuw,1140545702633910272,False,False,2020-12-30 10:56:10
216,pLUpF69eA4Ra0ME,1042434654744264705,Brecht,singzgaming,2977015751,False,False,2020-12-30 10:56:03
217,esthababe,892906675233009664,Vorst,,,True,False,2020-12-30 10:56:03
218,mateoARTS,917059635948982272,Ghent,2khansy,2309458957,False,False,2020-12-30 10:56:03
219,SrslyOlitz,107503845,Antwerp,,,False,False,2020-12-30 10:55:56
220,KALFA86952680,1317978643218501633,Kruishoutem,LikogluSuleyman,999280034371244032,False,False,2020-12-30 10:55:52
221,DNewtonC,1896835741,Oudergem,nickhopkinsonEU,3315837778,False,False,2020-12-30 10:55:45
222,goudaphotograph,2419152120,Asse,,,False,False,2020-12-30 10:55:36
223,piaurero1004,3155300344,Berloz,belge_sympa,3037752646,False,False,2020-12-30 10:55:34
224,aarontheworld_,39993576,Ghent,,,False,False,2020-12-30 10:55:31
225,mateoARTS,917059635948982272,Ghent,TORIEUON,1272628631496470538,False,False,2020-12-30 10:55:02
226,Rasta_Red69,907739563,Fléron,MbayeLeye,431016039,False,False,2020-12-30 10:54:55
227,durieudorine,369970228,Poperinge,,,True,False,2020-12-30 10:54:49
228,lenayunjijae,1616033090,Pepinster,,,True,False,2020-12-30 10:54:48
229,Stefke_B,141741970,Liedekerke,,,False,False,2020-12-30 10:54:41
230,zikaele,932594007489826816,Sint-Gillis,PabloPerezA,169407655,False,False,2020-12-30 10:54:05
231,lenayunjijae,1616033090,Pepinster,,,True,False,2020-12-30 10:53:57
232,JackyVandecast1,1324290998432878593,Tielt,An20_03,1109814283288887296,False,False,2020-12-30 10:53:37
233,JefCauwenberghs,882581982,Kapelle-op-den-Bos,,,True,False,2020-12-30 10:53:32
234,BiancaCvozC1,928260889031200773,Overpelt,,,False,False,2020-12-30 10:53:30
235,FabienneGutkin,1220348465605201928,Herstal,,,False,False,2020-12-30 10:53:27
236,sselinerya,1300782863525314561,Maasmechelen,,,False,False,2020-12-30 10:53:26
237,stevenheylen,29978778,Aartselaar,,,True,False,2020-12-30 10:52:42
238,JackyVandecast1,1324290998432878593,Tielt,Brigittevdr,1284535970298290177,False,False,2020-12-30 10:52:34
239,vozrozhdenyie,83394294,Diest,,,False,False,2020-12-30 10:52:27
240,Eurocentrique,18764018,Koekelberg,,,True,False,2020-12-30 10:52:24
241,uliks_psk,1679399216,Sint-Jans-Molenbeek,__joshwalton,894179395174359041,False,False,2020-12-30 10:52:01
242,yummmymummy16,1191761797600165891,Deinze,,,False,False,2020-12-30 10:51:59
243,DNewtonC,1896835741,Oudergem,nickhopkinsonEU,3315837778,False,False,2020-12-30 10:51:51
244,Bilabietje,524782046,Roeselare,katja_bru,970354796631871488,False,False,2020-12-30 10:51:47
245,SebastiaanLamm3,3970587689,Bruges,,,False,False,2020-12-30 10:51:24
246,JackyVandecast1,1324290998432878593,Tielt,kiekelekoekje,906555485926633472,False,False,2020-12-30 10:51:09
247,DNewtonC,1896835741,Oudergem,GriffHistorical,859705146,False,False,2020-12-30 10:50:49
248,JackyVandecast1,1324290998432878593,Tielt,An20_03,1109814283288887296,False,False,2020-12-30 10:50:31
249,JackyVandecast1,1324290998432878593,Tielt,An20_03,1109814283288887296,False,False,2020-12-30 10:49:53
250,DarthSquig,19772495,Etterbeek,horatiorama,18492985,False,False,2020-12-30 10:49:53
251,Nicolascvlr,506422411,Tournai,BigBad_Hater,4092632549,False,False,2020-12-30 10:49:49
252,CanibalSuicune,932144786,Mons,,,False,False,2020-12-30 10:49:39
253,DroverYvo,1285614436489854981,Ostend,1903George,1319768683095465985,False,False,2020-12-30 10:49:27
254,nonkelpier,44210445,Brakel,drWouterArrazol,1662209748,False,False,2020-12-30 10:49:14
255,piaurero1004,3155300344,Berloz,belge_sympa,3037752646,False,False,2020-12-30 10:49:07
256,JackyVandecast1,1324290998432878593,Tielt,Jacqlin28,1204652975035179010,False,False,2020-12-30 10:49:05
257,RAKADAKABAMBAMI,882856625073258496,Brussels,RifainFr,3021807371,False,False,2020-12-30 10:49:04
258,DroverYvo,1285614436489854981,Ostend,Von_HZ,1167005411762954240,False,False,2020-12-30 10:49:01
259,DavidCha_BEL,19444574,Liege,marcelsel,35761322,False,False,2020-12-30 10:48:22
260,DarthSquig,19772495,Etterbeek,,,True,False,2020-12-30 10:48:10
261,JackyVandecast1,1324290998432878593,Tielt,fransbauer_,391380651,False,False,2020-12-30 10:48:10
262,CanibalSuicune,932144786,Mons,,,True,False,2020-12-30 10:48:09
263,fadel_amnsor,1011000623574212612,Oudenaarde,,,False,False,2020-12-30 10:48:04
264,piet_stinissen,1042589724,Diepenbeek,piet_stinissen,1042589724,False,False,2020-12-30 10:47:52
265,BiancaCvozC1,928260889031200773,Overpelt,BiancaCvozC1,928260889031200773,False,False,2020-12-30 10:47:52
266,lutdebisschop,19081326,Ostend,Jacques_verl,313803835,False,False,2020-12-30 10:47:28
267,SrslyOlitz,107503845,Antwerp,,,False,False,2020-12-30 10:47:24
268,stijnvlaeminck,54487092,Bredene,,,True,False,2020-12-30 10:47:23
269,lutdebisschop,19081326,Ostend,vuurdistel,280140289,False,False,2020-12-30 10:47:13
270,Fi_FBN,592957880,Antwerp,BelfiusConnect,716000982,False,False,2020-12-30 10:47:13
271,Eurocentrique,18764018,Koekelberg,,,True,False,2020-12-30 10:46:57
272,JackyVandecast1,1324290998432878593,Tielt,kiekelekoekje,906555485926633472,False,False,2020-12-30 10:46:40
273,V_Forconi,321467589,Vorst,petunianelsole,24195377,False,False,2020-12-30 10:46:39
274,nidjebu4,135436861,Etterbeek,,,True,False,2020-12-30 10:46:17
275,DNewtonC,1896835741,Oudergem,RKelway,916774470,False,False,2020-12-30 10:46:15
276,goudaphotograph,2419152120,Asse,,,True,False,2020-12-30 10:46:13
277,DarthSquig,19772495,Etterbeek,DarthSquig,19772495,False,False,2020-12-30 10:46:01
278,Sam_TLuabeya,896303272885092353,Brecht,MiamiHEAT,11026952,False,False,2020-12-30 10:45:53
279,nonkelpier,44210445,Brakel,drWouterArrazol,1662209748,False,False,2020-12-30 10:45:45
280,BiancaCvozC1,928260889031200773,Overpelt,BiancaCvozC1,928260889031200773,False,False,2020-12-30 10:45:37
281,DroverYvo,1285614436489854981,Ostend,Lamo77310302,1326473406548758528,False,False,2020-12-30 10:45:31
282,piaurero1004,3155300344,Berloz,belge_sympa,3037752646,False,False,2020-12-30 10:45:28
283,Moouthbreather,198101642,Charleroi,,,True,False,2020-12-30 10:45:02
284,gerry_lenaerts,1259085267241259008,Landen,,,False,False,2020-12-30 10:45:00
285,rob_televisie,229600073,Sound & vision,,,False,False,2020-12-30 10:44:56
286,JackyVandecast1,1324290998432878593,Tielt,An20_03,1109814283288887296,False,False,2020-12-30 10:44:55
287,DroverYvo,1285614436489854981,Ostend,Otin_Marco,62352071,False,False,2020-12-30 10:44:23
288,DNewtonC,1896835741,Oudergem,ian13m,27648931,False,False,2020-12-30 10:44:12
289,nonkelpier,44210445,Brakel,drWouterArrazol,1662209748,False,False,2020-12-30 10:43:51
290,LuytenCarina,784113198077272064,Herentals,fireondemand1,761076417287233536,False,False,2020-12-30 10:43:21
291,DarthSquig,19772495,Etterbeek,PradaDr,391504620,False,False,2020-12-30 10:43:04
292,JackyVandecast1,1324290998432878593,Tielt,Jacqlin28,1204652975035179010,False,False,2020-12-30 10:42:58
293,piaurero1004,3155300344,Berloz,,,False,False,2020-12-30 10:42:57
294,robbekurt,848241157968736257,Jabbeke,DomiSGT,515781676,False,False,2020-12-30 10:42:46
295,27Brahimi,975047942338961408,Jette,,,False,False,2020-12-30 10:42:29
296,juniperlamorte,1262642263110422529,Ternat,,,False,False,2020-12-30 10:42:28
297,BiancaCvozC1,928260889031200773,Overpelt,,,False,False,2020-12-30 10:42:13
298,joukesp,525285274,Zemst,pacoulmag,4392742761,False,False,2020-12-30 10:42:08
299,KarlBoumans,63750441,Herent,slijpschrijf,961396596,False,False,2020-12-30 10:42:06
300,robbekurt,848241157968736257,Jabbeke,BartStandaert,130075853,False,False,2020-12-30 10:41:40
301,JackyVandecast1,1324290998432878593,Tielt,_WonderLady,703674155187699712,False,False,2020-12-30 10:41:12
302,tinynews_be,29404934,Chièvres,ThalieYoung,2900523916,False,False,2020-12-30 10:40:45
303,ccculte,196555822,Sint-Gillis,,,False,False,2020-12-30 10:40:29
304,BjornPrasse,54215241,Blankenberge,TharusThijs,2878725191,False,False,2020-12-30 10:40:25
305,michemt,14134277,De Pinte,maartenzam,17242884,False,False,2020-12-30 10:40:21
306,kansiimejosn,793162903872475136,Ghent,nicklaus_soft,1008020843341991936,False,False,2020-12-30 10:40:01
307,LouisMa09695417,1067793436034719744,Etalle,GAL527,2519774286,False,False,2020-12-30 10:40:00
308,JackyVandecast1,1324290998432878593,Tielt,Janet_zebra,1293531273122779136,False,False,2020-12-30 10:39:58
309,tmj_bel_jobs,41187339,Brussels,,,False,False,2020-12-30 10:39:52
310,thirsaVE,716293197853552640,Antwerp,Dorien_hi,1273622846619688965,False,False,2020-12-30 10:39:22
311,Charlie_vdc,54953397,Louvain,Tom_Daems,430603814,False,False,2020-12-30 10:39:02
312,JAhmadullah,1321517440803708930,Courcelles,Areeba_Khaan,1308796785599614977,False,False,2020-12-30 10:38:53
313,LuytenCarina,784113198077272064,Herentals,HarryMelis3,1099030681450106880,False,False,2020-12-30 10:38:38
314,JackyVandecast1,1324290998432878593,Tielt,Jacqlin28,1204652975035179010,False,False,2020-12-30 10:38:08
315,JoeriDeBouvere,2094921,Tielt,Blueblot,18635477,False,False,2020-12-30 10:37:52
316,LouisMa09695417,1067793436034719744,Etalle,normal_abel,1337903092277407746,False,False,2020-12-30 10:37:49
317,GaYeT_industrie,153411538,Ecaussinnes,Pokeconne,29419967,False,False,2020-12-30 10:37:39
318,SakerSamira1,1343354788952604672,Antwerp,,,False,False,2020-12-30 10:37:20
319,WelshVince,1185295006611005440,Bruges,,,True,False,2020-12-30 10:37:14
320,krisvanhaecht,608401836,Koksijde,,,True,False,2020-12-30 10:37:13
321,JackyVandecast1,1324290998432878593,Tielt,kiekelekoekje,906555485926633472,False,False,2020-12-30 10:37:04
322,LuytenCarina,784113198077272064,Herentals,LuytenCarina,784113198077272064,False,False,2020-12-30 10:37:03
323,nonkelpier,44210445,Brakel,drWouterArrazol,1662209748,False,False,2020-12-30 10:36:50
324,DAVIDSTEVENS83,61253364,Brussels,velotafbxl,4082471151,False,False,2020-12-30 10:36:46
325,LuytenCarina,784113198077272064,Herentals,Otin_Marco,62352071,False,False,2020-12-30 10:36:41
326,laurine_derycke,55912028,Wemmel,,,False,False,2020-12-30 10:36:36
327,nidjebu4,135436861,Etterbeek,,,True,False,2020-12-30 10:36:27
328,NielsVanhee,140454359,Ichtegem,,,False,False,2020-12-30 10:36:12
329,Marc2B,9499462,Liege,,,False,False,2020-12-30 10:36:00
330,piaurero1004,3155300344,Berloz,loopingrauduroi,846440830399385600,False,False,2020-12-30 10:35:25
331,DomiPJ,252334595,Vorst,,,False,False,2020-12-30 10:35:17
332,YaellMonas,140403351,Ghent,meetsysteem,27039712,False,False,2020-12-30 10:35:00
333,LouisMa09695417,1067793436034719744,Etalle,ThibautDemal,849716665269051396,False,False,2020-12-30 10:35:00
334,Eurocentrique,18764018,Koekelberg,Chanders,14245341,False,False,2020-12-30 10:34:58
335,YoucefZYX,967327687277793281,Ghent,ShineOfColors,133809596,False,False,2020-12-30 10:34:41
336,CamilleGheysens,347948161,Kortrijk,,,False,False,2020-12-30 10:34:40
337,juniperlamorte,1262642263110422529,Sint-Gillis,teorodriguezcom,28079294,False,False,2020-12-30 10:34:28
338,stevenheylen,29978778,Aartselaar,FilipAertsDigi,299066966,False,False,2020-12-30 10:34:09
339,adrianaal69,795344324506554369,Wellen,,,True,False,2020-12-30 10:33:40
340,BiancaCvozC1,928260889031200773,Overpelt,,,False,False,2020-12-30 10:33:32
341,LuytenCarina,784113198077272064,Herentals,,,False,False,2020-12-30 10:33:28
342,Robert_Avagyan,3375643450,Zwijndrecht,,,False,False,2020-12-30 10:33:08
343,Eurocentrique,18764018,Koekelberg,DefenseBaron,19038768,False,False,2020-12-30 10:32:55
344,FrdricVantyghe2,1300405914743300096,Beernem,,,False,False,2020-12-30 10:32:52
345,DrissGnd,1209900008914509824,Brussels,manifdr,1126559618384191488,False,False,2020-12-30 10:32:40
346,MangalaOrland,1335958213552902145,Vilvoorde,Mxyaslytherin,1084723939098673152,False,False,2020-12-30 10:32:40
347,nidjebu4,135436861,Etterbeek,,,True,False,2020-12-30 10:32:26
348,microrelie,476333069,Walcourt,drugofdrago,220694275,False,False,2020-12-30 10:32:16
349,Theophaniaaaa,387614999,Ouffet,,,False,False,2020-12-30 10:31:52
350,ldominguezmera,310179515,Waterloo,,,False,False,2020-12-30 10:31:48
351,t_mobilis_nl,55241812,Heusden-Zolder,,,False,False,2020-12-30 10:30:38
352,joukesp,525285274,Zemst,TrevDon,54387487,False,False,2020-12-30 10:30:35
353,Eurocentrique,18764018,Koekelberg,DarlavdRiet,1127123579789770752,False,False,2020-12-30 10:30:12
354,Streetiedominiq,2593280551,Kortrijk,,,False,False,2020-12-30 10:29:58
355,Wim_VDW,313876429,Knokke-Heist,,,False,False,2020-12-30 10:29:57
356,BiancaCvozC1,928260889031200773,Overpelt,,,False,False,2020-12-30 10:29:49
357,ver_meir,113602524,Sint-Agatha-Berchem,,,False,False,2020-12-30 10:29:28
358,_Romyke_,157582358,Meeuwen-Gruitrode,christostienlet,2228773960,False,False,2020-12-30 10:29:28
359,BiancaCvozC1,928260889031200773,Overpelt,,,False,False,2020-12-30 10:29:19
360,miss_sudu,1109378601026228224,Ghent,amai_zeg,533227219,False,False,2020-12-30 10:29:15
361,YoucefZYX,967327687277793281,Ghent,sayuri87081689,1090720493894651904,False,False,2020-12-30 10:29:07
362,MangalaOrland,1335958213552902145,Vilvoorde,TounsiHar,4863827931,False,False,2020-12-30 10:28:55
363,Awkward0ne,1064275097102495744,Mechelen,Awkward0ne,1064275097102495744,False,False,2020-12-30 10:28:46
364,Awkward0ne,1064275097102495744,Mechelen,,,False,False,2020-12-30 10:28:46
365,KarlBoumans,63750441,Herent,slijpschrijf,961396596,False,False,2020-12-30 10:28:30
366,JJS1157,383756346,Landen,,,True,False,2020-12-30 10:28:21
367,MangalaOrland,1335958213552902145,Vilvoorde,elmk_brh,1340633407349514240,False,False,2020-12-30 10:27:52
368,FransVerstrepe2,797418720729645060,Bruges,hansnietanders,195892195,False,False,2020-12-30 10:27:48
369,Regina57977673,837635848543809536,Antwerp,,,True,False,2020-12-30 10:27:40
370,BiancaCvozC1,928260889031200773,Overpelt,,,False,False,2020-12-30 10:27:30
371,CiciMoons,58924797,Charleroi,Reba_G84,2984903734,False,False,2020-12-30 10:27:23
372,FransVerstrepe2,797418720729645060,Bruges,depeiling,1144699370086047747,False,False,2020-12-30 10:27:14
373,Nonkel_Muziek,727996609,Antwerp,,,False,False,2020-12-30 10:27:06
374,a_libotte,203968556,Rixensart,,,False,False,2020-12-30 10:26:48
375,ByKimysmile,245306498,Gesves,QueenBouclettes,847913316,False,False,2020-12-30 10:26:46
376,Awkward0ne,1064275097102495744,Mechelen,Awkward0ne,1064275097102495744,False,False,2020-12-30 10:26:39
377,Awkward0ne,1064275097102495744,Mechelen,Awkward0ne,1064275097102495744,False,False,2020-12-30 10:26:39
378,Awkward0ne,1064275097102495744,Mechelen,,,False,False,2020-12-30 10:26:38
379,tinynews_be,29404934,Chièvres,clandestino_usr,14094823,False,False,2020-12-30 10:25:47
380,t_mobilis_nl,55241812,Antwerp,,,False,False,2020-12-30 10:25:38
381,stijn_wille,488343170,De Panne,JurgenGeevels,51058556,False,False,2020-12-30 10:25:00
382,CatherineMols2,1226120319670407169,Poperinge,AndiBell,16600619,False,False,2020-12-30 10:24:55
383,nonkelpier,44210445,Brakel,drWouterArrazol,1662209748,False,False,2020-12-30 10:24:43
384,FransVerstrepe2,797418720729645060,Bruges,UDenkt,1333369961541201921,False,False,2020-12-30 10:24:21
385,jmgheraille,521476813,Genappe,JejeNellis,584898654,False,False,2020-12-30 10:24:21
386,stijn_wille,488343170,De Panne,JurgenGeevels,51058556,False,False,2020-12-30 10:24:14
387,steventommeleyn,1145960598,Torhout,LindsayVandeke1,1336774701180461063,False,False,2020-12-30 10:24:06
388,MartijnDupre,382791741,Wetteren,AsterBerghe,838779152,False,False,2020-12-30 10:24:05
389,MangalaOrland,1335958213552902145,Vilvoorde,Odreyshima,569432628,False,False,2020-12-30 10:23:55
390,kristodia_,1273649934252806144,Ghent,nellanella123,2721675207,False,False,2020-12-30 10:23:45
391,Eavsounds,22251250,Antwerp,,,False,False,2020-12-30 10:23:40
392,benjihyer,192584367,Brussels,benjihyer,192584367,False,False,2020-12-30 10:23:29
393,benjihyer,192584367,Brussels,,,True,False,2020-12-30 10:23:27
394,LuytenCarina,784113198077272064,Herentals,,,False,False,2020-12-30 10:23:26
395,Marc66476474,1234530301629620224,Chaudfontaine,SpiderJOff,1257731815705624577,False,False,2020-12-30 10:23:17
396,filipney,746785279869083649,Keerbergen,Smienos,978041502,False,False,2020-12-30 10:23:11
397,Yusuf_Cenik_,2258885565,Stavelot,,,False,False,2020-12-30 10:23:08
398,helebae,1103067445806465024,Liege,,,False,False,2020-12-30 10:22:40
399,miss_sudu,1109378601026228224,Ghent,jblaute,146305393,False,False,2020-12-30 10:22:36
400,Eurocentrique,18764018,Koekelberg,,,True,False,2020-12-30 10:22:35
401,BiancaCvozC1,928260889031200773,Overpelt,,,False,False,2020-12-30 10:22:27
402,Awkward0ne,1064275097102495744,Mechelen,Awkward0ne,1064275097102495744,False,False,2020-12-30 10:22:16
403,MartijnDupre,382791741,Wetteren,zegmaar_LydeLa,838862216023662593,False,False,2020-12-30 10:22:05
404,joukesp,525285274,Zemst,LemonPiBoutique,989154485896282112,False,False,2020-12-30 10:21:37
405,kskrckBG,489023966,Antwerp,,,False,False,2020-12-30 10:21:28
406,Awkward0ne,1064275097102495744,Mechelen,,,False,False,2020-12-30 10:21:15
407,FransVerstrepe2,797418720729645060,Bruges,Windwens9,1048284544703631362,False,False,2020-12-30 10:21:11
408,JackyVandecast1,1324290998432878593,Tielt,FranckenTheo,951258554,False,False,2020-12-30 10:20:55
409,Goesse,71781201,Anzegem,ESSEVEELIVE,55797610,False,False,2020-12-30 10:20:29
410,JackyVandecast1,1324290998432878593,Tielt,cisca_klein,942011765403119616,False,False,2020-12-30 10:20:11
411,joukesp,525285274,Zemst,McBrideWriter,3118910513,False,False,2020-12-30 10:19:50
412,stijn_wille,488343170,De Panne,JurgenGeevels,51058556,False,False,2020-12-30 10:19:48
413,DNewtonC,1896835741,Oudergem,,,True,False,2020-12-30 10:19:44
414,nidjebu4,135436861,Etterbeek,,,True,False,2020-12-30 10:19:35
415,JackyVandecast1,1324290998432878593,Tielt,achamilivenl1,1263612709540712449,False,False,2020-12-30 10:19:27
416,Earane_rousseau,739193084,Colfontaine,Laumiie,243193468,False,False,2020-12-30 10:19:24
417,biker_570,241981050,Menen,JohanVerstreken,3315458825,False,False,2020-12-30 10:19:24
418,JackyVandecast1,1324290998432878593,Tielt,AnitaHees,1221005201416642560,False,False,2020-12-30 10:19:21
419,FransVerstrepe2,797418720729645060,Bruges,Bogiemens,1176662150,False,False,2020-12-30 10:19:05
420,JackyVandecast1,1324290998432878593,Tielt,cisca_klein,942011765403119616,False,False,2020-12-30 10:18:55
421,CiciMoons,58924797,Charleroi,,,False,False,2020-12-30 10:18:40
422,JackyVandecast1,1324290998432878593,Tielt,AnitaHees,1221005201416642560,False,False,2020-12-30 10:18:26
423,BiancaCvozC1,928260889031200773,Overpelt,,,False,False,2020-12-30 10:18:17
424,BiancaCvozC1,928260889031200773,Overpelt,,,False,False,2020-12-30 10:17:53
425,Streetiedominiq,2593280551,Kortrijk,,,False,False,2020-12-30 10:17:51
426,BiancaCvozC1,928260889031200773,Overpelt,,,False,False,2020-12-30 10:17:40
427,malifeevelyne,1216400748919107586,Nivelles,,,False,False,2020-12-30 10:17:35
428,BiancaCvozC1,928260889031200773,Overpelt,,,False,False,2020-12-30 10:17:25
429,PZBrasschaat,4479427397,Brasschaat,,,False,False,2020-12-30 10:17:17
430,LuytenCarina,784113198077272064,Herentals,j_de_landtsheer,58255837,False,False,2020-12-30 10:16:56
431,Marielle_Schalk,778983308390703104,Hoogstraten,robisa1,353947096,False,False,2020-12-30 10:16:50
432,JackyVandecast1,1324290998432878593,Tielt,achamilivenl1,1263612709540712449,False,False,2020-12-30 10:16:32
433,Morgane687,2830227304,Namur,Cdt_Sylvestre,257551211,False,False,2020-12-30 10:16:21
434,TCarnewal,2386571724,Oefencomplex Zulte-Waregem,,,False,False,2020-12-30 10:16:17
435,DNewtonC,1896835741,Oudergem,vivamjm,3192252407,False,False,2020-12-30 10:15:43
436,Morgane687,2830227304,Namur,RachidaBxl,210633655,False,False,2020-12-30 10:15:42
437,stijn_wille,488343170,De Panne,sthbracke,144113849,False,False,2020-12-30 10:15:38
438,dianemievis,20985993,Sint-Gillis,,,False,False,2020-12-30 10:15:27
439,BiancaCvozC1,928260889031200773,Overpelt,BiancaCvozC1,928260889031200773,False,False,2020-12-30 10:14:58
440,EuropeNthecity,1104996739143077890,Sint-Gillis,BeaRios_,156776475,True,False,2020-12-30 10:14:49
441,BiancaCvozC1,928260889031200773,Overpelt,,,False,False,2020-12-30 10:14:40
442,nidjebu4,135436861,Etterbeek,,,True,False,2020-12-30 10:14:25
443,nlux1987,3077456190,Brussels,,,True,False,2020-12-30 10:14:21
444,gregoryvantoor,380469416,Sint-Pieters-Leeuw,,,False,False,2020-12-30 10:14:18
445,JackyVandecast1,1324290998432878593,Tielt,JakobsNikki,1341086459126800385,False,False,2020-12-30 10:13:40
446,JackyVandecast1,1324290998432878593,Tielt,DjeeDeeBee,548238536,False,False,2020-12-30 10:13:15
447,CarnelMatisse,2850975368,Anderlecht,thomascharlet__,999915349075099650,False,False,2020-12-30 10:13:09
448,FransVerstrepe2,797418720729645060,Bruges,bert_vlaanderen,817024458544320513,False,False,2020-12-30 10:12:59
449,BiancaCvozC1,928260889031200773,Overpelt,BiancaCvozC1,928260889031200773,False,False,2020-12-30 10:12:27
450,BiancaCvozC1,928260889031200773,Overpelt,,,False,False,2020-12-30 10:12:13
451,JackyVandecast1,1324290998432878593,Tielt,AnitaHees,1221005201416642560,False,False,2020-12-30 10:12:08
452,marciojordano,113601063,Koekelberg,RobertoGeorgeR1,1344222923939315713,False,False,2020-12-30 10:11:51
453,FransVerstrepe2,797418720729645060,Bruges,bert_vlaanderen,817024458544320513,False,False,2020-12-30 10:11:49
454,LuytenCarina,784113198077272064,Herentals,,,False,False,2020-12-30 10:11:40
455,JackyVandecast1,1324290998432878593,Tielt,DjeeDeeBee,548238536,False,False,2020-12-30 10:11:24
456,JAhmadullah,1321517440803708930,Courcelles,AyeshaRajabAli1,1097397505103486977,False,False,2020-12-30 10:11:09
457,BiancaCvozC1,928260889031200773,Overpelt,,,False,False,2020-12-30 10:10:41
458,nonkelpier,44210445,Brakel,drWouterArrazol,1662209748,False,False,2020-12-30 10:10:26
459,FransVerstrepe2,797418720729645060,Bruges,stormzak1,1321082716721451008,False,False,2020-12-30 10:10:20
460,DrissGnd,1209900008914509824,Brussels,manifdr,1126559618384191488,False,False,2020-12-30 10:10:17
461,CanibalSuicune,932144786,Mons,,,True,False,2020-12-30 10:09:54
462,AlyMolla,161272039,Châtelet,,,False,False,2020-12-30 10:09:52
463,JRodesch,1352897348,Ukkel,quatremer,29707536,False,False,2020-12-30 10:09:52
464,DNewtonC,1896835741,Oudergem,alanacct,191376817,False,False,2020-12-30 10:09:47
465,JackyVandecast1,1324290998432878593,Tielt,JakobsNikki,1341086459126800385,False,False,2020-12-30 10:09:32
466,BiancaCvozC1,928260889031200773,Overpelt,,,False,False,2020-12-30 10:09:06
467,ManonJacob4,951615214742589441,Ostend,,,True,False,2020-12-30 10:09:05
468,GGabylowskyi,1126862917373169664,Brussels,,,False,False,2020-12-30 10:09:03
469,JackyVandecast1,1324290998432878593,Tielt,cisca_klein,942011765403119616,False,False,2020-12-30 10:09:00
470,MartijnDupre,382791741,Wetteren,krannoot,337155332,False,False,2020-12-30 10:08:45
471,JackyVandecast1,1324290998432878593,Tielt,Jacqlin28,1204652975035179010,False,False,2020-12-30 10:08:44
472,neelo1309,2451741312,Sint-Gillis,,,True,False,2020-12-30 10:08:07
473,JackyVandecast1,1324290998432878593,Tielt,AnitaHees,1221005201416642560,False,False,2020-12-30 10:08:06
474,FransVerstrepe2,797418720729645060,Bruges,krannoot,337155332,False,False,2020-12-30 10:08:04
475,JoVerheyden,373391263,Bonheiden,,,False,False,2020-12-30 10:08:00
476,pLUpF69eA4Ra0ME,1042434654744264705,Brecht,singzgaming,2977015751,False,False,2020-12-30 10:07:47
477,LuytenCarina,784113198077272064,Herentals,Lamo77310302,1326473406548758528,False,False,2020-12-30 10:07:35
478,helebae,1103067445806465024,Liege,,,True,False,2020-12-30 10:07:18
479,JackyVandecast1,1324290998432878593,Tielt,filter_miss,1211425711690379264,False,False,2020-12-30 10:07:16
480,FransVerstrepe2,797418720729645060,Bruges,mbuelens,93902781,False,False,2020-12-30 10:07:05
481,LuytenCarina,784113198077272064,Herentals,realist_amber,1013697714620698629,False,False,2020-12-30 10:07:01
482,JackyVandecast1,1324290998432878593,Tielt,NietJouwMoeder,76735836,False,False,2020-12-30 10:07:01
483,kruy,64052956,Bredene,fxjtarga,234297207,False,False,2020-12-30 10:06:56
484,AnnickPonthier,144150596,Bilzen,KrisDB8,1306251659002220545,False,False,2020-12-30 10:06:32
485,Corentin_htv,751354737581326336,Ecaussinnes,,,False,False,2020-12-30 10:06:29
486,BiancaCvozC1,928260889031200773,Overpelt,,,False,False,2020-12-30 10:06:29
487,marciojordano,113601063,Koekelberg,pedro_rodrigs_,105012045,False,False,2020-12-30 10:06:24
488,mizero144,2662314236,Namur,ElviJimmy,3421693085,False,False,2020-12-30 10:06:24
489,swinkl_eu,150173336,Kuurne,TharusThijs,2878725191,False,False,2020-12-30 10:06:11
490,FransVerstrepe2,797418720729645060,Bruges,WilliamWilde2,1713079837,False,False,2020-12-30 10:06:02
491,FlandersBTour,29983589,Ypres,uttttu,93691807,False,False,2020-12-30 10:05:45
492,ABynens,406227054,Keerbergen,AleksandarDavi8,2332537881,False,False,2020-12-30 10:05:43
493,KarlBoumans,63750441,Herent,JanVLEVA,628377092,False,False,2020-12-30 10:05:41
494,gregoryvantoor,380469416,Sint-Pieters-Leeuw,vanblaeretom,1308428011,False,False,2020-12-30 10:05:30
495,JackyVandecast1,1324290998432878593,Tielt,LongRyder3,984805112425181184,False,False,2020-12-30 10:05:06
496,veraclaes,139093424,Antwerp,karinelalieux,41564561,False,False,2020-12-30 10:04:42
497,DroverYvo,1285614436489854981,Ostend,VTMNIEUWS,167309264,False,False,2020-12-30 10:04:27
498,nietnuLaura,2228604475,Antwerp,djkiesak,28769040,False,False,2020-12-30 10:04:26
499,CanibalSuicune,932144786,Mons,,,False,False,2020-12-30 10:04:25
500,JackyVandecast1,1324290998432878593,Tielt,Koffieboontje3,1230094238186188801,False,False,2020-12-30 10:04:24
501,patrickdhaese,2279158826,Ghent,,,False,False,2020-12-30 10:04:21
502,Bluesbully,4374678460,Genk,Tessa_VeePee,2150929239,False,False,2020-12-30 10:04:03
503,DNewtonC,1896835741,Oudergem,ian13m,27648931,False,False,2020-12-30 10:04:01
504,LuytenCarina,784113198077272064,Herentals,UDenkt,1333369961541201921,False,False,2020-12-30 10:03:54
505,stevenheylen,29978778,Aartselaar,JarnoBertho,198813461,False,False,2020-12-30 10:03:42
506,JackyVandecast1,1324290998432878593,Tielt,AnitaHees,1221005201416642560,False,False,2020-12-30 10:03:35
507,gregoryvantoor,380469416,Sint-Pieters-Leeuw,kennethdee,14676065,False,False,2020-12-30 10:03:29
508,JackyVandecast1,1324290998432878593,Tielt,achamilivenl1,1263612709540712449,False,False,2020-12-30 10:02:46
509,LuytenCarina,784113198077272064,Herentals,UpBoek,1243652169833885702,False,False,2020-12-30 10:02:45
510,mizero144,2662314236,Namur,NDAYITWAYEKODeo,763467222,False,False,2020-12-30 10:02:18
511,PeterDeKeyzer,459283901,Antwerp,drWouterArrazol,1662209748,False,False,2020-12-30 10:02:18
512,JackyVandecast1,1324290998432878593,Tielt,SJEerhart,2900848574,False,False,2020-12-30 10:02:10
513,Znjeeahamdgmai2,1287415724324118534,Namur,pastore099,1195352573471014912,False,False,2020-12-30 10:01:57
514,AnaelleVanophem,4633017581,Etterbeek,selfocracxy,701803032267399170,False,False,2020-12-30 10:01:37
515,JackyVandecast1,1324290998432878593,Tielt,,,False,False,2020-12-30 10:01:33
516,thomashermine,24522393,Sint-Gillis,,,False,False,2020-12-30 10:01:32
517,_queenstone,51036219,Charleroi,,,False,False,2020-12-30 10:00:58
518,StefSkyZot,19060515,Bruges,,,False,False,2020-12-30 10:00:57
519,MarieGodderis,532406164,Alveringem,,,False,False,2020-12-30 10:00:44
520,ItaliaStoria,1051945448888561666,Sint-Pieters-Woluwe,,,False,False,2020-12-30 10:00:36
521,FransVerstrepe2,797418720729645060,Bruges,RuthjeB,19192530,False,False,2020-12-30 10:00:16
522,microrelie,476333069,Walcourt,drugofdrago,220694275,False,False,2020-12-30 10:00:15
523,DriveYourBox,1326222502138441731,Kapellen,,,False,False,2020-12-30 10:00:12
524,LuytenCarina,784113198077272064,Herentals,KoenRoeffaers,1236895345,False,False,2020-12-30 10:00:06
525,JanePoels,563000158,Ghent,Bryan65165100,1159860786732421121,False,False,2020-12-30 10:00:00
526,kruy,64052956,De Haan,ArnaudCambier,217479684,False,False,2020-12-30 09:59:49
527,JackyVandecast1,1324290998432878593,Tielt,BruynChantal,1212871417605189632,False,False,2020-12-30 09:59:42
528,Masklamalck,527546118,Nivelles,AntoniCoppi,710921890341249024,False,False,2020-12-30 09:59:37
529,bjornadins,53894418,Waregem,WimB1977,51015148,False,False,2020-12-30 09:59:27
530,FranceBadou,1065513087619473409,Sint-Lambrechts-Woluwe,,,True,False,2020-12-30 09:59:21
531,Heleendje,16957748,Zonhoven,IceCranberry,373316297,False,False,2020-12-30 09:59:21
532,yraskin,388835056,Hasselt,MaartenAlbersen,88089955,False,False,2020-12-30 09:59:01
533,Bxl_SM,3126127889,Brussels,erotician67,1195846985628213249,False,False,2020-12-30 09:58:43
534,VedranBosnic,1517846558,Mons,,,False,False,2020-12-30 09:58:41
535,JackyVandecast1,1324290998432878593,Tielt,AnitaHees,1221005201416642560,False,False,2020-12-30 09:58:26
536,DNewtonC,1896835741,Oudergem,slimey_1,298538239,False,False,2020-12-30 09:58:07
537,FransVerstrepe2,797418720729645060,Bruges,BidwIdn,836605812541964288,False,False,2020-12-30 09:57:36
538,KarlBoumans,63750441,Herent,,,False,False,2020-12-30 09:57:04
539,bross_m,102081123,Beerse,,,False,False,2020-12-30 09:57:03
540,FransVerstrepe2,797418720729645060,Bruges,Karlbuldog,1274760642566725632,False,False,2020-12-30 09:56:48
541,JackyVandecast1,1324290998432878593,Tielt,AstridAajl27,1272218130,False,False,2020-12-30 09:56:41
542,FransVerstrepe2,797418720729645060,Bruges,Dieswit1,1291385881354473475,False,False,2020-12-30 09:56:33
543,LuytenCarina,784113198077272064,Herentals,,,False,False,2020-12-30 09:56:23
544,DNewtonC,1896835741,Oudergem,JohnRentoul,14085096,False,False,2020-12-30 09:56:12
545,nietnuLaura,2228604475,Antwerp,djkiesak,28769040,False,False,2020-12-30 09:56:10
546,JackyVandecast1,1324290998432878593,Tielt,achamilivenl1,1263612709540712449,False,False,2020-12-30 09:55:59
547,FransVerstrepe2,797418720729645060,Bruges,TharusThijs,2878725191,False,False,2020-12-30 09:55:47
548,DroverYvo,1285614436489854981,Ostend,stormzak1,1321082716721451008,False,False,2020-12-30 09:55:33
549,mizero144,2662314236,Namur,Emayi2011,802983853061246984,False,False,2020-12-30 09:55:30
550,AndrewM_Fischer,1049840079357833216,Vorst,,,True,False,2020-12-30 09:55:30
551,JackyVandecast1,1324290998432878593,Tielt,baara_a,2474481766,False,False,2020-12-30 09:55:24
552,Aureliezanon,630128745,Wachtebeke,SHEIN_official,554957168,False,False,2020-12-30 09:55:23
553,RomydeRave,548591530,Antwerp,,,False,False,2020-12-30 09:55:15
554,a_libotte,203968556,Rixensart,dorian0904,726771632518365185,False,False,2020-12-30 09:55:11
555,bjornadins,53894418,Waregem,jdceulaer,292945752,False,False,2020-12-30 09:55:09
556,DroverYvo,1285614436489854981,Ostend,_Cato1974_,1087569419763699712,False,False,2020-12-30 09:55:02
557,JackyVandecast1,1324290998432878593,Tielt,BruynChantal,1212871417605189632,False,False,2020-12-30 09:55:01
558,nonkelpier,44210445,Brakel,drWouterArrazol,1662209748,False,False,2020-12-30 09:54:58
559,KwikEine,538300280,KWIK Eine,,,False,False,2020-12-30 09:54:55
560,La_Gomme,1883052085,Bruges,,,False,False,2020-12-30 09:54:50
561,RouzeeuwD,1183314471131009024,Profondeville,4srelloM,780258332,False,False,2020-12-30 09:54:40
562,JackyVandecast1,1324290998432878593,Tielt,achamilivenl1,1263612709540712449,False,False,2020-12-30 09:54:39
563,JackyVandecast1,1324290998432878593,Tielt,AstridAajl27,1272218130,False,False,2020-12-30 09:54:07
564,janplu4,58430972,Bruges,,,False,False,2020-12-30 09:54:01
565,CocoMA03,190437110,Andenne,ByKimysmile,245306498,False,False,2020-12-30 09:53:39
566,dubhejoy,63932734,Diepenbeek,,,True,False,2020-12-30 09:53:24
567,ali_speaks1,1073293370326425600,Liege,,,True,False,2020-12-30 09:53:22
568,JackyVandecast1,1324290998432878593,Tielt,PS19803,1233898838341169152,False,False,2020-12-30 09:53:03
569,TomHubert,58145718,Boom,,,False,False,2020-12-30 09:52:57
570,a_libotte,203968556,Rixensart,adrienhotton,103009413,False,False,2020-12-30 09:52:24
571,kruy,64052956,Bredene,ArnaudCambier,217479684,False,False,2020-12-30 09:52:14
572,julianocastro,15922718,Brussels,,,False,False,2020-12-30 09:52:11
573,KimGeybels,605352700,Zottegem,,,False,False,2020-12-30 09:51:55
574,mkl241080,842368170,Amay,RTLsportbe,569061274,True,False,2020-12-30 09:51:46
575,OopssOopss702,702514501783052289,Anderlecht,helendeblock,522162222,False,False,2020-12-30 09:51:40
576,ruudjeblieck,360129750,Opglabbeek,VermeylenS,394247123,False,False,2020-12-30 09:51:04
577,a_libotte,203968556,Rixensart,dorian0904,726771632518365185,False,False,2020-12-30 09:51:01
578,LEFToverChicken,255496475,Aalst,,,False,False,2020-12-30 09:50:47
579,Fricozoid,585564265,Ypres,camillemaerten,2327800002,False,False,2020-12-30 09:50:40
580,JackyVandecast1,1324290998432878593,Tielt,,,False,False,2020-12-30 09:50:31
581,stephanvaningen,29051405,Kontich,DesertTesla,1183061007628849152,False,False,2020-12-30 09:50:18
582,AndrewM_Fischer,1049840079357833216,Vorst,sidprabhu,15640586,False,False,2020-12-30 09:50:03
583,LuytenCarina,784113198077272064,Herentals,VermeylenS,394247123,False,False,2020-12-30 09:49:41
584,Fi_FBN,592957880,Antwerp,BelfiusConnect,716000982,False,False,2020-12-30 09:49:19
585,Anroyhoreca,1201528722,Hasselt,,,False,False,2020-12-30 09:48:48
586,__sleepingpanda,37396708,Brussels,vontheodore,22093664,False,False,2020-12-30 09:48:44
587,LuytenCarina,784113198077272064,Herentals,Lamo77310302,1326473406548758528,False,False,2020-12-30 09:48:35
588,Fi_FBN,592957880,Antwerp,Belfius,490585256,False,False,2020-12-30 09:48:35
589,ByKimysmile,245306498,Gesves,,,False,False,2020-12-30 09:48:12
590,Fricozoid,585564265,Ypres,ClaesShanti,2738964665,False,False,2020-12-30 09:47:34
591,Jujuca1987,66370407,Louvain,_pequenalo,191658878,False,False,2020-12-30 09:47:31
592,JackyVandecast1,1324290998432878593,Tielt,Jacqlin28,1204652975035179010,False,False,2020-12-30 09:47:23
593,dhiet_norb,1707146004,Jabbeke,italbers,155858628,False,False,2020-12-30 09:47:15
594,JackyVandecast1,1324290998432878593,Tielt,achamilivenl1,1263612709540712449,False,False,2020-12-30 09:47:04
595,mkl241080,842368170,Amay,,,True,False,2020-12-30 09:46:46
596,dhiet_norb,1707146004,Jabbeke,PeterDeKeyzer,459283901,False,False,2020-12-30 09:46:35
597,Jujuca1987,66370407,Louvain,,,True,False,2020-12-30 09:46:31
598,luciemorauw,1220744414416470016,Lasne,,,False,False,2020-12-30 09:46:29
599,Bluesbully,4374678460,Genk,,,False,False,2020-12-30 09:46:29
600,SteffVermeulen,719608005642297344,Liege,,,False,False,2020-12-30 09:46:27
601,nonkelpier,44210445,Brakel,,,False,False,2020-12-30 09:46:23
602,pitwo_navarro,766196472,Hemiksem,Lorest121,214473683,False,False,2020-12-30 09:46:17
603,JackyVandecast1,1324290998432878593,Tielt,AstridAajl27,1272218130,False,False,2020-12-30 09:46:08
604,debananenschil,11096812,Louvain,PascalPaepen,3842442023,False,False,2020-12-30 09:45:51
605,pitwo_navarro,766196472,Hemiksem,Lorest121,214473683,False,False,2020-12-30 09:45:51
606,H_E_Integrator,250214050,Wuustwezel,,,False,False,2020-12-30 09:45:46
607,miss_sudu,1109378601026228224,Ghent,tscheldt,2869085691,False,False,2020-12-30 09:45:43
608,KimGeybels,605352700,Zottegem,ManuelSintubin,918507020,False,False,2020-12-30 09:45:25
609,mkl241080,842368170,Amay,,,True,False,2020-12-30 09:45:19
610,pitwo_navarro,766196472,Hemiksem,Lorest121,214473683,False,False,2020-12-30 09:45:15
611,natachawaldmann,328957376,Ostend,Petergee1,225011886,False,False,2020-12-30 09:45:09
612,dhiet_norb,1707146004,Jabbeke,PhRoose,185192570,False,False,2020-12-30 09:44:57
613,JackyVandecast1,1324290998432878593,Tielt,ingridwittert,115762429,False,False,2020-12-30 09:44:29
614,Eurohans,247897285,Herent,Stoonbrace,2765742559,False,False,2020-12-30 09:44:28
615,BeaRios_,156776475,Elsene,BeaRios_,156776475,False,False,2020-12-30 09:44:27
616,CarnelMatisse,2850975368,Anderlecht,thomascharlet__,999915349075099650,False,False,2020-12-30 09:44:19
617,Bobjacobs10,313863567,Ghent,geschept,53351842,False,False,2020-12-30 09:44:19
618,FRISEEMYRIAM,567171144,Gavere,okelmann,618370160,False,False,2020-12-30 09:44:14
619,LuytenCarina,784113198077272064,Herentals,Lamo77310302,1326473406548758528,False,False,2020-12-30 09:43:44
620,JackyVandecast1,1324290998432878593,Tielt,AstridAajl27,1272218130,False,False,2020-12-30 09:43:37
621,dhiet_norb,1707146004,Jabbeke,dbervoet,230209323,False,False,2020-12-30 09:43:02
622,Aruna345,2426800650,Ghent,,,False,False,2020-12-30 09:42:59
623,VeerleSchuyten,33164794,Hasselt,HerveVandeWeyer,299130691,False,False,2020-12-30 09:42:59
624,zivknoll,78844199,Hemiksem,,,False,False,2020-12-30 09:42:48
625,marialeqp,174115743,Hélécine,,,False,False,2020-12-30 09:42:46
626,JackyVandecast1,1324290998432878593,Tielt,tarakiekt,1130569539715031040,False,False,2020-12-30 09:42:45
627,JackyVandecast1,1324290998432878593,Tielt,Janet_zebra,1293531273122779136,False,False,2020-12-30 09:42:28
628,kruy,64052956,De Haan,ArnaudCambier,217479684,False,False,2020-12-30 09:42:27
629,bross_m,102081123,Beerse,,,False,False,2020-12-30 09:42:01
630,MergenerUwe,1151446193655996417,Waterloo,,,False,False,2020-12-30 09:41:59
631,dhiet_norb,1707146004,Jabbeke,FKeuleneer,23618173,False,False,2020-12-30 09:41:57
632,cengizhacioglu,180687369,Melle,Margot_VDS,246786046,False,False,2020-12-30 09:41:56
633,miss_sudu,1109378601026228224,Ghent,montbalou,49907781,False,False,2020-12-30 09:41:50
634,Sedat_baki,797888040,Ghent,gunesmuratmat,969495097711751168,False,False,2020-12-30 09:41:49
635,FRISEEMYRIAM,567171144,Gavere,jopela2,1104476330970746880,False,False,2020-12-30 09:41:43
636,melissa_bxl,6529302,Brussels,flexyflow,14699626,False,False,2020-12-30 09:41:40
637,JackyVandecast1,1324290998432878593,Tielt,CynthiaAbel13,1104352493604093952,False,False,2020-12-30 09:41:37
638,styvax,1343705940076408832,Liege,,,False,False,2020-12-30 09:41:20
639,JackyVandecast1,1324290998432878593,Tielt,ingridwittert,115762429,False,False,2020-12-30 09:41:08
640,KabongoRichard4,909761210555432960,Mons,Aldysheky,589109088,False,False,2020-12-30 09:41:02
641,LuytenCarina,784113198077272064,Herentals,Dieswit1,1291385881354473475,False,False,2020-12-30 09:41:02
642,realityglimpses,3992973797,Verviers,kat_krzeszewska,742717736296587264,False,False,2020-12-30 09:40:46
643,FRISEEMYRIAM,567171144,Gavere,jopela2,1104476330970746880,False,False,2020-12-30 09:40:44
644,realityglimpses,3992973797,Verviers,Tamara10612,4544959281,False,False,2020-12-30 09:40:09
645,JackyVandecast1,1324290998432878593,Tielt,tarakiekt,1130569539715031040,False,False,2020-12-30 09:40:00
646,cengizhacioglu,180687369,Melle,Steff_Peeters,761768937667330048,False,False,2020-12-30 09:39:52
647,JackyVandecast1,1324290998432878593,Tielt,yeshieee007,1299449352549797889,False,False,2020-12-30 09:38:58
648,KALFA86952680,1317978643218501633,douane mouscron,,,False,False,2020-12-30 09:38:54
649,KimGeybels,605352700,Zottegem,ManuelSintubin,918507020,False,False,2020-12-30 09:38:52
650,LuytenCarina,784113198077272064,Herentals,Gert65450677,1328983753864130561,False,False,2020-12-30 09:38:50
651,SleeplessInBrux,481545798,Brussels,,,True,False,2020-12-30 09:38:48
652,OopssOopss702,702514501783052289,Anderlecht,vanfraussen,2565051005,False,False,2020-12-30 09:38:47
653,krisvl_70,117763891,Mortsel,delijn,32851079,False,False,2020-12-30 09:38:46
654,JackyVandecast1,1324290998432878593,Tielt,CynthiaAbel13,1104352493604093952,False,False,2020-12-30 09:38:45
655,JackyVandecast1,1324290998432878593,Tielt,huisop32,1296423373694803968,False,False,2020-12-30 09:38:29
656,DionysiaLeolei,288452017,Brussels,,,False,False,2020-12-30 09:38:29
657,OopssOopss702,702514501783052289,Anderlecht,de_NVA,24688336,False,False,2020-12-30 09:38:03
658,JackyVandecast1,1324290998432878593,Tielt,Janet_zebra,1293531273122779136,False,False,2020-12-30 09:37:51
659,JackyVandecast1,1324290998432878593,Tielt,BruynChantal,1212871417605189632,False,False,2020-12-30 09:37:32
660,zelihayill,858805431120146432,Beringen,,,False,False,2020-12-30 09:37:25
661,JackyVandecast1,1324290998432878593,Tielt,Angele070,373563576,False,False,2020-12-30 09:37:04
662,debananenschil,11096812,Louvain,PascalPaepen,3842442023,False,False,2020-12-30 09:36:56
663,T1Ouilee,2407453742,Belgium,,,False,False,2020-12-30 09:36:50
664,JackyVandecast1,1324290998432878593,Tielt,VALENTiNE_1_,2540716364,False,False,2020-12-30 09:36:45
665,JackyVandecast1,1324290998432878593,Tielt,tarakiekt,1130569539715031040,False,False,2020-12-30 09:36:00
666,SuthavaS,1584245160,Louvain,,,False,False,2020-12-30 09:35:17
667,dr_wardsam,3586991477,Louvain,,,False,False,2020-12-30 09:35:04
668,alexvanhee,359341455,Brussels,,,False,False,2020-12-30 09:35:04
669,JackyVandecast1,1324290998432878593,Tielt,AstridAajl27,1272218130,False,False,2020-12-30 09:34:57
670,githamichielsbe,507824290,Geel,,,False,False,2020-12-30 09:34:41
671,JackyVandecast1,1324290998432878593,Tielt,SavenijeMarjan,1308793105404104710,False,False,2020-12-30 09:34:18
672,realityglimpses,3992973797,Verviers,piotr_makowiec,4575773475,False,False,2020-12-30 09:34:10
673,filiplasseel,329509734,Merelbeke,MilkBoi17,1185048107853074432,False,False,2020-12-30 09:34:07
674,SrslyOlitz,107503845,Antwerp,,,False,False,2020-12-30 09:34:05
675,KabongoRichard4,909761210555432960,Mons,KalonjiKanko,843840893794881536,False,False,2020-12-30 09:34:02
676,JackyVandecast1,1324290998432878593,Tielt,Angele070,373563576,False,False,2020-12-30 09:34:01
677,Morgane687,2830227304,Namur,casibefa,89530735,False,False,2020-12-30 09:33:52
678,realityglimpses,3992973797,Verviers,,,True,False,2020-12-30 09:33:49
679,mkl241080,842368170,Amay,,,True,False,2020-12-30 09:33:45
680,JackyVandecast1,1324290998432878593,Tielt,Irisglerum,362673234,False,False,2020-12-30 09:33:31
681,CarnelMatisse,2850975368,Anderlecht,ParlonsNBA,3214031521,False,False,2020-12-30 09:33:11
682,OopssOopss702,702514501783052289,Anderlecht,MelinaCycling,327325835,False,False,2020-12-30 09:33:11
683,JackyVandecast1,1324290998432878593,Tielt,_Cato1974_,1087569419763699712,False,False,2020-12-30 09:33:10
684,realityglimpses,3992973797,Verviers,polityczna19,1678970329,False,False,2020-12-30 09:33:03
685,quantumlandbook,925629492000903169,Antwerp,quantumlandbook,925629492000903169,False,False,2020-12-30 09:32:49
686,githamichielsbe,507824290,Geel,,,False,False,2020-12-30 09:32:18
687,SFischer_EU,1226113371482808321,Europa Building,,,False,False,2020-12-30 09:32:08
688,harvey1582,250375833,Schaarbeek,TyHaliburton22,1100946718693224448,False,False,2020-12-30 09:31:55
689,debananenschil,11096812,Louvain,,,False,False,2020-12-30 09:31:54
690,quantumlandbook,925629492000903169,Antwerp,,,False,False,2020-12-30 09:31:46
691,a_libotte,203968556,Rixensart,dorian0904,726771632518365185,False,False,2020-12-30 09:31:36
692,NicoPatelli,162824371,Brussels,JoVanobost,527338142,False,False,2020-12-30 09:31:26
693,Piet25051963,2598254725,Ghent,Piet25051963,2598254725,False,False,2020-12-30 09:31:18
694,OopssOopss702,702514501783052289,Anderlecht,Desmet39857674,1197585372169064449,False,False,2020-12-30 09:31:16
695,aacartugce,3326763035,Vilvoorde,,,False,False,2020-12-30 09:31:09
696,JeanSegersPhoto,708814454,Tournai,,,False,False,2020-12-30 09:31:08
697,a_libotte,203968556,Rixensart,dorian0904,726771632518365185,False,False,2020-12-30 09:31:04
698,JackyVandecast1,1324290998432878593,Tielt,SavenijeMarjan,1308793105404104710,False,False,2020-12-30 09:31:00
699,JackyVandecast1,1324290998432878593,Tielt,Angele070,373563576,False,False,2020-12-30 09:30:47
700,JackyVandecast1,1324290998432878593,Tielt,tarakiekt,1130569539715031040,False,False,2020-12-30 09:30:29
701,pitwo_navarro,766196472,Hemiksem,Ristangameplay,4698273866,False,False,2020-12-30 09:30:11
702,realityglimpses,3992973797,Verviers,PiotrZatorski,3004066761,False,False,2020-12-30 09:29:56
703,JackyVandecast1,1324290998432878593,Tielt,lotke123,1336001183144697859,False,False,2020-12-30 09:29:36
704,StephaneLedune,227814871,Ukkel,MariePobemer,558518165,False,False,2020-12-30 09:29:11
705,pitwo_navarro,766196472,Hemiksem,Ristangameplay,4698273866,False,False,2020-12-30 09:29:05
706,JackyVandecast1,1324290998432878593,Tielt,Noor0000l,1145644425613324288,False,False,2020-12-30 09:29:05
707,realityglimpses,3992973797,Verviers,MuzeumAuschwitz,1239961987154575360,False,False,2020-12-30 09:28:58
708,WelshVince,1185295006611005440,Bruges,,,True,False,2020-12-30 09:28:46
709,JackyVandecast1,1324290998432878593,Tielt,AstridAajl27,1272218130,False,False,2020-12-30 09:28:29
710,RaymondC190466,159397763,Roeselare,swerbrou,46654437,False,False,2020-12-30 09:28:21
711,realityglimpses,3992973797,Dison,,,True,False,2020-12-30 09:28:18
712,pitwo_navarro,766196472,Hemiksem,Ristangameplay,4698273866,False,False,2020-12-30 09:28:16
713,lanavannauw,2347399083,Arendonk,,,False,False,2020-12-30 09:28:13
714,MonicaStoffels,482867442,Antwerp,VeroniqueSas,288378424,False,False,2020-12-30 09:28:04
715,melissa_bxl,6529302,Brussels,,,False,False,2020-12-30 09:27:46
716,Piet25051963,2598254725,Ghent,destandaard,21408400,False,False,2020-12-30 09:27:46
717,JackyVandecast1,1324290998432878593,Tielt,Rick_1611_,1196871351132405760,False,False,2020-12-30 09:27:33
718,Eurohans,247897285,Herent,AngeliqueFens,1341762832946393089,False,False,2020-12-30 09:27:29
719,OopssOopss702,702514501783052289,Anderlecht,ElevenSportsBEf,3402736103,False,False,2020-12-30 09:27:24
720,JeanSegersPhoto,708814454,Tournai,,,False,False,2020-12-30 09:27:14
721,JackyVandecast1,1324290998432878593,Tielt,ds_patsy,1250728200361082880,False,False,2020-12-30 09:27:09
722,pitwo_navarro,766196472,Hemiksem,Ristangameplay,4698273866,False,False,2020-12-30 09:27:07
723,SyrineNecib,3325364445,Sint-Jans-Molenbeek,_barbiana___,1025911791061278721,False,False,2020-12-30 09:27:06
724,johanbyloos,35343465,Louvain,,,True,False,2020-12-30 09:26:56
725,pitwo_navarro,766196472,Hemiksem,Ristangameplay,4698273866,False,False,2020-12-30 09:26:46
726,mjadoul,112706353,Beveren,,,False,False,2020-12-30 09:26:43
727,JackyVandecast1,1324290998432878593,Tielt,fireondemand1,761076417287233536,False,False,2020-12-30 09:26:39
728,t_mobilis_nl,55241812,Yvoir,,,False,False,2020-12-30 09:26:38
729,t_mobilis_nl,55241812,Yvoir,,,False,False,2020-12-30 09:26:37
730,KabongoRichard4,909761210555432960,Mons,KalonjiKanko,843840893794881536,False,False,2020-12-30 09:26:36
731,JackyVandecast1,1324290998432878593,Tielt,Noor0000l,1145644425613324288,False,False,2020-12-30 09:26:28
732,LinckxChristia2,1271422034044731394,Vilvoorde,tsamber666,1222251352979574790,False,False,2020-12-30 09:26:23
733,SyrineNecib,3325364445,Sint-Jans-Molenbeek,SyrineNecib,3325364445,False,False,2020-12-30 09:26:23
734,SrslyOlitz,107503845,Antwerp,,,True,False,2020-12-30 09:25:59
735,meinertttt,127246601,Blankenberge,eva_vannoten,1148987601883488257,False,False,2020-12-30 09:25:44
736,Steve_Zowietje,261357712,Zwijndrecht,weeronline,14254454,False,False,2020-12-30 09:25:14
737,JackyVandecast1,1324290998432878593,Tielt,Rick_1611_,1196871351132405760,False,False,2020-12-30 09:25:14
738,relaxsportclub,287029469,Schaarbeek,,,False,False,2020-12-30 09:25:08
739,ORAJAbw,917575946,Lille,,,False,False,2020-12-30 09:24:53
740,CarnelMatisse,2850975368,Anderlecht,,,True,False,2020-12-30 09:24:52
741,microrelie,476333069,Walcourt,drugofdrago,220694275,False,False,2020-12-30 09:24:49
742,realityglimpses,3992973797,Verviers,polityczna19,1678970329,False,False,2020-12-30 09:24:38
743,JackyVandecast1,1324290998432878593,Tielt,Irisglerum,362673234,False,False,2020-12-30 09:24:09
744,Rasta_Red69,907739563,Fléron,,,False,False,2020-12-30 09:24:01
745,docyvan,962072212403494913,Sint-Lievens-Houtem,Nieuwsblad_be,7762342,False,False,2020-12-30 09:23:58
746,JackyVandecast1,1324290998432878593,Tielt,chris10vdb,1306010965,False,False,2020-12-30 09:23:48
747,lucmondelaers,402116083,Stavelot,,,False,False,2020-12-30 09:23:48
748,adrianaal69,795344324506554369,Wellen,emilinebosak,760133542621962241,False,False,2020-12-30 09:23:34
749,NEhttb,1131893222488326145,Antwerp,,,True,False,2020-12-30 09:23:31
750,mugheesraza2,2367484417,Sint-Joost-ten-Node,,,False,False,2020-12-30 09:23:23
751,KabongoRichard4,909761210555432960,Mons,KambingaG,3137062186,False,False,2020-12-30 09:23:18
752,phikern,17444291,Brussels,,,False,False,2020-12-30 09:23:16
753,LinckxChristia2,1271422034044731394,Vilvoorde,tsamber666,1222251352979574790,False,False,2020-12-30 09:23:05
754,AntoineTifine,433493058,Etterbeek,arvin_up,949192899509579776,False,False,2020-12-30 09:22:55
755,EwenVerheyden,960272918,Overijse,Jokevandenschri,339016149,False,False,2020-12-30 09:22:55
756,Artand028,318052515,Bruges,,,True,False,2020-12-30 09:22:54
757,quantumlandbook,925629492000903169,Antwerp,,,True,False,2020-12-30 09:22:45
758,JackyVandecast1,1324290998432878593,Tielt,_WonderLady,703674155187699712,False,False,2020-12-30 09:22:31
759,chat_perdu,1873008726,Liege,,,False,False,2020-12-30 09:22:30
760,dgknszr,1182262988704796672,Evere,dgknszr,1182262988704796672,False,False,2020-12-30 09:21:42
761,chat_perdu,1873008726,Watermaal-Bosvoorde,,,False,False,2020-12-30 09:21:30
762,AndyWouters9,1165749218964856833,Beringen,,,False,False,2020-12-30 09:20:50
763,JackyVandecast1,1324290998432878593,Tielt,Peter_Van_Daele,1654894783,False,False,2020-12-30 09:20:50
764,AntoineTifine,433493058,Etterbeek,RaphaelleRL,53326742,False,False,2020-12-30 09:20:50
765,johanbyloos,35343465,Louvain,PLoobuyck,2776693115,False,False,2020-12-30 09:20:48
766,meinertttt,127246601,Blankenberge,TharusThijs,2878725191,False,False,2020-12-30 09:20:44
767,anoekeli,3910793963,Mol,,,False,False,2020-12-30 09:20:40
768,AndyWouters9,1165749218964856833,Beringen,,,False,False,2020-12-30 09:20:24
769,erwindemaeyer,96854954,Antwerp,,,True,False,2020-12-30 09:20:15
770,arboretumkalmt,2376973987,Kalmthout,,,False,False,2020-12-30 09:20:07
771,meinertttt,127246601,Blankenberge,eva_vannoten,1148987601883488257,False,False,2020-12-30 09:20:05
772,fakerholic,54191952,Ghent,,,False,False,2020-12-30 09:19:55
773,JackyVandecast1,1324290998432878593,Tielt,Bardienst,1175140232813064194,False,False,2020-12-30 09:19:02
774,KabongoRichard4,909761210555432960,Mons,Carbone_Icone,754094315345969156,False,False,2020-12-30 09:18:00
775,TAnthonissen,248488213,Sint-Niklaas,kat_de_,1300711141,False,False,2020-12-30 09:17:59
776,CatherineMols2,1226120319670407169,Poperinge,robbo2069,462120993,False,False,2020-12-30 09:17:51
777,ABerghe,585509752,Ghent,,,True,False,2020-12-30 09:17:45
778,LinckxChristia2,1271422034044731394,Vilvoorde,tsamber666,1222251352979574790,False,False,2020-12-30 09:17:20
779,JackyVandecast1,1324290998432878593,Tielt,miauwzie,1183351716617576456,False,False,2020-12-30 09:16:59
780,bross_m,102081123,Beerse,,,False,False,2020-12-30 09:16:56
781,CatherineMols2,1226120319670407169,Poperinge,willknight87,751855522505261056,False,False,2020-12-30 09:16:48
782,JackyVandecast1,1324290998432878593,Tielt,ds_patsy,1250728200361082880,False,False,2020-12-30 09:16:25
783,Sven20380866,1133392581365256192,Tielt-Winge,moriahmillsss,874320506790563840,False,False,2020-12-30 09:16:06
784,JackyVandecast1,1324290998432878593,Tielt,ds_patsy,1250728200361082880,False,False,2020-12-30 09:15:47
785,calleweird,36330746,Kortrijk,marc_laidlaw,752064640918495232,False,False,2020-12-30 09:15:38
786,pitwo_navarro,766196472,Hemiksem,inf1ltr4do,3081186909,False,False,2020-12-30 09:15:29
787,Dana_Prepy,142378262,Charleroi,Marc_Hay_BFMTV,231223987,False,False,2020-12-30 09:15:26
788,kruy,64052956,Bredene,Caro_Bxl,65597880,False,False,2020-12-30 09:15:23
789,KarelPelck,1431387176,Heist-op-den-Berg,LuiseFreese,914007249395347458,False,False,2020-12-30 09:15:19
790,Myriamds1,70121945,Sint-Niklaas,,,False,False,2020-12-30 09:15:16
791,JackyVandecast1,1324290998432878593,Tielt,Peter_Van_Daele,1654894783,False,False,2020-12-30 09:15:02
792,pitwo_navarro,766196472,Hemiksem,inf1ltr4do,3081186909,False,False,2020-12-30 09:14:21
793,JackyVandecast1,1324290998432878593,Tielt,hapchard1972,714760679635492865,False,False,2020-12-30 09:14:18
794,guigeuns,965638894007013376,Peer,LearnBurmeseWs,1238370796755488768,False,False,2020-12-30 09:13:54
795,JackyVandecast1,1324290998432878593,Tielt,ds_patsy,1250728200361082880,False,False,2020-12-30 09:13:50
796,LuytenCarina,784113198077272064,Herentals,,,False,False,2020-12-30 09:13:49
797,pitwo_navarro,766196472,Hemiksem,inf1ltr4do,3081186909,False,False,2020-12-30 09:13:33
798,Bxl_SM,3126127889,Brussels,K1nkMega,1070160072884412421,False,False,2020-12-30 09:12:15
799,JackyVandecast1,1324290998432878593,Tielt,VALENTiNE_1_,2540716364,False,False,2020-12-30 09:12:03
800,UncleTom_mass,154175356,Merelbeke,,,False,False,2020-12-30 09:11:58
801,SpikieJonas,221235950,Tienen,CrossyRoad,2710958472,False,False,2020-12-30 09:11:57
802,27Brahimi,975047942338961408,Jette,,,True,False,2020-12-30 09:11:42
803,MatiErden,992801947639009280,Antwerp,,,False,False,2020-12-30 09:11:32
804,JackyVandecast1,1324290998432878593,Tielt,DeReus64,336670606,False,False,2020-12-30 09:11:28
805,wardmarkey,1032894392,Staden,lectrr,13157492,False,False,2020-12-30 09:11:27
806,KabongoRichard4,909761210555432960,Mons,MMGlody,3911553742,False,False,2020-12-30 09:11:26
807,KarelPelck,1431387176,Heist-op-den-Berg,vanhybrid,129896320,False,False,2020-12-30 09:11:25
808,TAnthonissen,248488213,Sint-Niklaas,,,True,False,2020-12-30 09:11:23
809,LinckxChristia2,1271422034044731394,Vilvoorde,,,False,False,2020-12-30 09:11:21
810,jonathancieters,2594425703,Mortsel,,,False,False,2020-12-30 09:10:58
811,noisyke,2175029703,Hasselt,TomDeeCee,54662957,False,False,2020-12-30 09:10:55
812,Fricozoid,585564265,Ypres,camillerydant,1002130641931075584,False,False,2020-12-30 09:10:08
813,miek__b,504278174,Dilsen-Stokkem,,,False,False,2020-12-30 09:09:30
814,JackyVandecast1,1324290998432878593,Tielt,FranckenTheo,951258554,False,False,2020-12-30 09:09:22
815,ConchaTorres12,1097444734577053696,Etterbeek,ferie_tale,171107608,False,False,2020-12-30 09:09:20
816,pitwo_navarro,766196472,Hemiksem,pitwo_navarro,766196472,False,False,2020-12-30 09:09:08
817,patrickvancauwe,583852782,Louvain,frankdeboosere,493008336,False,False,2020-12-30 09:09:01
818,Streetiedominiq,2593280551,Kortrijk,,,False,False,2020-12-30 09:08:43
819,pLUpF69eA4Ra0ME,1042434654744264705,Brecht,singzgaming,2977015751,False,False,2020-12-30 09:08:36
820,pitwo_navarro,766196472,Hemiksem,inf1ltr4do,3081186909,False,False,2020-12-30 09:08:22
821,mkl241080,842368170,Amay,,,True,False,2020-12-30 09:08:19
822,pitwo_navarro,766196472,Hemiksem,lol24641688,628773999,False,False,2020-12-30 09:07:30
823,CatherineMols2,1226120319670407169,Poperinge,ShortArmOfLaw,982227234688675840,False,False,2020-12-30 09:07:22
824,CharlotteBRTL,1510585056,Floreffe,Yael_ment,192305293,False,False,2020-12-30 09:07:08
825,kruy,64052956,Bredene,Bidi,11432772,False,False,2020-12-30 09:07:07
826,JackyVandecast1,1324290998432878593,Tielt,VALENTiNE_1_,2540716364,False,False,2020-12-30 09:07:04
827,nonkelpier,44210445,Brakel,,,False,False,2020-12-30 09:06:27
828,CatherineMols2,1226120319670407169,Poperinge,DavidCa69831622,864043710518099968,False,False,2020-12-30 09:06:11
829,pitwo_navarro,766196472,Hemiksem,inf1ltr4do,3081186909,False,False,2020-12-30 09:06:06
830,JackyVandecast1,1324290998432878593,Tielt,ds_patsy,1250728200361082880,False,False,2020-12-30 09:05:58
831,WillemNagels,2195611382,Antwerp,streamz_be,1290994012774596608,False,False,2020-12-30 09:05:41
832,MonicaStoffels,482867442,Antwerp,selsward,3920739736,False,False,2020-12-30 09:05:13
833,GMossel,21496426,Antwerp,Steff_Peeters,761768937667330048,False,False,2020-12-30 09:05:06
834,robbekurt,848241157968736257,Jabbeke,pietgoestweet,338178367,False,False,2020-12-30 09:05:04
835,stevenheylen,29978778,Aartselaar,julianbelgium,310751265,False,False,2020-12-30 09:04:30
836,HansVdbogaerde,136303256,Mechelen,StevenRogge,182409065,False,False,2020-12-30 09:04:06
837,JackyVandecast1,1324290998432878593,Tielt,VALENTiNE_1_,2540716364,False,False,2020-12-30 09:03:58
838,rania_shinobi,2318002917,Anderlecht,,,False,False,2020-12-30 09:03:52
839,LakhloufiY,538197519,Vorst,,,False,False,2020-12-30 09:03:48
840,DroverYvo,1285614436489854981,Ostend,JeanCloedt,1112380933712343040,False,False,2020-12-30 09:03:33
841,bartleirs,152966894,Antwerp,Schuldensuehner,40129171,False,False,2020-12-30 09:03:26
842,JackyVandecast1,1324290998432878593,Tielt,Eysbeertje,1219260005540605953,False,False,2020-12-30 09:03:18
843,Rasta_Red69,907739563,Fléron,Standard_RSCL,609751258,False,False,2020-12-30 09:03:13
844,JackyVandecast1,1324290998432878593,Tielt,DjeeDeeBee,548238536,False,False,2020-12-30 09:03:01
845,Oleksan96250050,1292570406122135552,Tongeren,porohobo7,1331178317261705216,False,False,2020-12-30 09:02:58
846,thirsaVE,716293197853552640,Antwerp,,,True,False,2020-12-30 09:02:52
847,27Brahimi,975047942338961408,Jette,,,False,False,2020-12-30 09:02:06
848,KabongoRichard4,909761210555432960,Mons,central_sage,927577150689030145,False,False,2020-12-30 09:01:51
849,JackyVandecast1,1324290998432878593,Tielt,ds_patsy,1250728200361082880,False,False,2020-12-30 09:01:26
850,Znjeeahamdgmai2,1287415724324118534,Namur,pastore099,1195352573471014912,False,False,2020-12-30 09:01:20
851,PSwitten,382566391,Zonhoven,stekky,141544976,True,False,2020-12-30 09:00:51
852,ErikPeeters8,1329386710472531968,Herselt,,,False,False,2020-12-30 09:00:35
853,pitwo_navarro,766196472,Hemiksem,inf1ltr4do,3081186909,False,False,2020-12-30 09:00:33
854,fakerholic,54191952,Ghent,,,True,False,2020-12-30 09:00:29
855,zemetre,60655252,Ukkel,,,False,False,2020-12-30 09:00:24
856,DanteMostaert,3124101789,Damme,,,False,False,2020-12-30 09:00:24
857,SIMBA2888,211518846,Tienen,,,False,False,2020-12-30 09:00:13
858,polanska_monika,1096147103808737280,Ghent,dagmara_an,786591717516423168,False,False,2020-12-30 08:59:59
859,AndyRydt,1335596714812727296,Mol,gagadaily,24374481,False,False,2020-12-30 08:59:53
860,Beckz4x,23491269,Hasselt,,,False,False,2020-12-30 08:59:49
861,JackyVandecast1,1324290998432878593,Tielt,obsession84,447176274,False,False,2020-12-30 08:59:18
862,JackyVandecast1,1324290998432878593,Tielt,DjeeDeeBee,548238536,False,False,2020-12-30 08:59:01
863,SrslyOlitz,107503845,Antwerp,,,False,False,2020-12-30 08:58:54
864,erwindemaeyer,96854954,Antwerp,,,True,False,2020-12-30 08:58:41
865,BekemansLars,960557838228688898,Ghent,,,False,False,2020-12-30 08:58:14
866,pitwo_navarro,766196472,Hemiksem,inf1ltr4do,3081186909,False,False,2020-12-30 08:58:09
867,laurentminguet,1269763724,Liege,marcelsel,35761322,False,False,2020-12-30 08:57:30
868,JimGoedbloed,1282949497,Bruges,,,True,False,2020-12-30 08:57:26
869,pLUpF69eA4Ra0ME,1042434654744264705,Brecht,singzgaming,2977015751,False,False,2020-12-30 08:57:00
870,thomashermine,24522393,Sint-Gillis,,,True,False,2020-12-30 08:56:55
871,HerveVandeWeyer,299130691,Aarschot,Frenetiek,44182754,False,False,2020-12-30 08:56:52
872,JackyVandecast1,1324290998432878593,Tielt,Kleefsstra,64470156,False,False,2020-12-30 08:56:40
873,JackyVandecast1,1324290998432878593,Tielt,Kleefsstra,64470156,False,False,2020-12-30 08:56:06
874,pitwo_navarro,766196472,Hemiksem,FYDCOMICSYCINE,570967086,False,False,2020-12-30 08:55:01
875,johanbyloos,35343465,Louvain,lindavandenhov2,1267718846330343424,False,False,2020-12-30 08:54:51
876,JackyVandecast1,1324290998432878593,Tielt,Brigittevdr,1284535970298290177,False,False,2020-12-30 08:54:21
877,FRISEEMYRIAM,567171144,Gavere,okelmann,618370160,False,False,2020-12-30 08:54:12
878,StijnBuntinx,393289228,Ghent,,,True,False,2020-12-30 08:54:10
879,stefy1986,14077086,Lier,,,False,False,2020-12-30 08:53:52
880,Afazar1,2613348452,Meix-Devant-Virton,aysesila1975,2400611610,False,False,2020-12-30 08:53:46
881,JackyVandecast1,1324290998432878593,Tielt,Guy28068994,1317029571615690753,False,False,2020-12-30 08:53:32
882,DroverYvo,1285614436489854981,Ostend,,,False,False,2020-12-30 08:53:28
883,robbekurt,848241157968736257,Jabbeke,teamwendyxo,27003835,False,False,2020-12-30 08:53:03
884,Gerryaliteit,22224591,Mechelen,,,False,False,2020-12-30 08:52:52
885,MonicaStoffels,482867442,Antwerp,VeroniqueSas,288378424,False,False,2020-12-30 08:52:06
886,FRISEEMYRIAM,567171144,Gavere,cmont4560,2594602871,False,False,2020-12-30 08:52:04
887,johanbyloos,35343465,Louvain,torfsrik,144113649,False,False,2020-12-30 08:51:40
888,realityglimpses,3992973797,Verviers,polityczna19,1678970329,False,False,2020-12-30 08:51:38
889,realityglimpses,3992973797,Verviers,,,True,False,2020-12-30 08:51:26
890,KabongoRichard4,909761210555432960,Mons,OrnyKeiffa,1675020745,False,False,2020-12-30 08:51:09
891,pitwo_navarro,766196472,Hemiksem,,,False,False,2020-12-30 08:51:01
892,Maartnx,175011491,Antwerp,,,True,False,2020-12-30 08:50:55
893,KabongoRichard4,909761210555432960,Mons,OrnyKeiffa,1675020745,False,False,2020-12-30 08:50:51
894,KabongoRichard4,909761210555432960,Mons,OrnyKeiffa,1675020745,False,False,2020-12-30 08:50:45
895,LawrenceRapanan,609871033,Manhay,,,False,False,2020-12-30 08:50:45
896,KabongoRichard4,909761210555432960,Mons,OrnyKeiffa,1675020745,False,False,2020-12-30 08:50:38
897,_Giny_,113997374,Brussels,,,False,False,2020-12-30 08:50:32
898,nietnuLaura,2228604475,Antwerp,,,False,False,2020-12-30 08:49:57
899,l_mustache,2938141535,Louvain,,,False,False,2020-12-30 08:49:29
900,JorisRombaut,39519148,Ghent,BramVB,147901901,False,False,2020-12-30 08:49:28
901,Marielle_Schalk,778983308390703104,Hoogstraten,marcchicken,3096050445,False,False,2020-12-30 08:48:40
902,victorius,9385192,Elsene,,,True,False,2020-12-30 08:48:18
903,pitwo_navarro,766196472,Hemiksem,inf1ltr4do,3081186909,False,False,2020-12-30 08:48:18
904,Charlie_vdc,54953397,Louvain,,,False,False,2020-12-30 08:47:52
905,calleweird,36330746,Kortrijk,marc_laidlaw,752064640918495232,False,False,2020-12-30 08:47:29
906,Caliwaaa,229259130,Zomergem,Vannieuwkerke,44849274,False,False,2020-12-30 08:47:14
907,krisvandesande,16410221,Boom,,,False,False,2020-12-30 08:47:03
908,steventommeleyn,1145960598,Torhout,LindsayVandeke1,1336774701180461063,False,False,2020-12-30 08:46:54
909,juniperlamorte,1262642263110422529,Elsene,Nadsah,155617759,False,False,2020-12-30 08:46:16
910,pLUpF69eA4Ra0ME,1042434654744264705,Brecht,singzgaming,2977015751,False,False,2020-12-30 08:46:06
911,CanibalSuicune,932144786,Mons,,,True,False,2020-12-30 08:46:03
912,Sarcasm_Defense,376357243,Ypres,MrsJuA_,1389930212,False,False,2020-12-30 08:45:41
913,jonathancieters,2594425703,Mortsel,,,True,False,2020-12-30 08:45:33
914,TwistMeDaddy,1123557363657715715,Brecht,,,False,False,2020-12-30 08:44:55
915,noemiedrewhoran,2809622493,US Waltzing Camp seeonee,,,False,False,2020-12-30 08:44:28
916,CarpentierGery,1133385835213152256,Halle,,,True,False,2020-12-30 08:44:19
917,KabongoRichard4,909761210555432960,Mons,Mbayambaya5Juni,1035606387110436866,False,False,2020-12-30 08:44:12
918,Jbraeckmans,474123705,Antwerp,,,False,False,2020-12-30 08:44:00
919,HerveVandeWeyer,299130691,Aarschot,philipdutre,15297317,False,False,2020-12-30 08:43:47
920,CarpentierGery,1133385835213152256,Halle,,,True,False,2020-12-30 08:43:40
921,LeslieDehauwere,2375017764,Knokke-Heist,neglectik,116550584,False,False,2020-12-30 08:43:36
922,Hugo_Verbeke,2199280063,Deinze,KCloostermans,301567390,False,False,2020-12-30 08:43:08
923,duvaldb,58266753,Ghent,,,False,False,2020-12-30 08:42:52
924,CatherineMols2,1226120319670407169,Poperinge,kookie_hen1966,821135865443450880,False,False,2020-12-30 08:42:02
925,LeslieDehauwere,2375017764,Knokke-Heist,,,True,False,2020-12-30 08:41:49
926,robbekurt,848241157968736257,Jabbeke,TalleKe1970,284961870,False,False,2020-12-30 08:41:44
927,Sarcasm_Defense,376357243,Ypres,MrsJuA_,1389930212,False,False,2020-12-30 08:41:29
928,nidjebu4,135436861,Etterbeek,,,True,False,2020-12-30 08:41:25
929,aliokay,100883065,Ghent,FanteziBasketb1,1329502662065319940,False,False,2020-12-30 08:40:55
930,JackyVandecast1,1324290998432878593,Tielt,Guy28068994,1317029571615690753,False,False,2020-12-30 08:40:55
931,CatherineMols2,1226120319670407169,Poperinge,smith8,19363275,False,False,2020-12-30 08:40:41
932,robbekurt,848241157968736257,Jabbeke,Wil_Wim,347863871,False,False,2020-12-30 08:40:37
933,stijn_wille,488343170,De Panne,PLoobuyck,2776693115,False,False,2020-12-30 08:40:35
934,Eurohans,247897285,Herent,,,True,False,2020-12-30 08:40:28
935,juniperlamorte,1262642263110422529,Elsene,Nadsah,155617759,False,False,2020-12-30 08:40:22
936,miss_sudu,1109378601026228224,Ghent,yvesd,12066412,False,False,2020-12-30 08:40:18
937,Fonzie109,31137394,Bruges,VALENTiNE_1_,2540716364,False,False,2020-12-30 08:40:17
938,JohanDevroe,84856885,Waregem,beursanalist,322456302,False,False,2020-12-30 08:40:14
939,Aokapi98,396424951,Anhée,GygreVe,947532136973787136,False,False,2020-12-30 08:40:12
940,a_libotte,203968556,Rixensart,ClausVincent_1,3378687622,False,False,2020-12-30 08:39:58
941,CatherineMols2,1226120319670407169,Poperinge,smith8,19363275,False,False,2020-12-30 08:39:55
942,JackyVandecast1,1324290998432878593,Tielt,JakobsNikki,1341086459126800385,False,False,2020-12-30 08:39:42
943,Hammepdw,602663551,Hamme,,,True,False,2020-12-30 08:39:41
944,CatherineMols2,1226120319670407169,Poperinge,DavidCa69831622,864043710518099968,False,False,2020-12-30 08:39:31
945,JackyVandecast1,1324290998432878593,Tielt,SheIsBack5,1326191322038996995,False,False,2020-12-30 08:39:29
946,robbekurt,848241157968736257,Jabbeke,Wil_Wim,347863871,False,False,2020-12-30 08:39:28
947,FlandersBTour,29983589,Ypres,discoveringbelg,723148358034944000,False,False,2020-12-30 08:39:21
948,MonicaStoffels,482867442,Antwerp,,,True,False,2020-12-30 08:38:53
949,JackyVandecast1,1324290998432878593,Tielt,Firefli32047251,1109579759833485312,False,False,2020-12-30 08:38:38
950,cyberMyaa,1163929060138999808,Grâce-Hollogne,,,False,False,2020-12-30 08:38:36
951,JackyVandecast1,1324290998432878593,Tielt,DjeeDeeBee,548238536,False,False,2020-12-30 08:38:12
952,stevenheylen,29978778,Aartselaar,stevenheylen,29978778,False,False,2020-12-30 08:38:09
953,realityglimpses,3992973797,Verviers,,,True,False,2020-12-30 08:38:02
954,thblomme,26269844,Ghent,shntzl,1114731787719045120,False,False,2020-12-30 08:37:54
955,Ouri_Mohamed,698171393251397632,Brussels,,,False,False,2020-12-30 08:37:44
956,Fonzie109,31137394,Bruges,AnitaKuipers5,859443830516482048,False,False,2020-12-30 08:37:38
957,realityglimpses,3992973797,Verviers,,,True,False,2020-12-30 08:37:17
958,JackyVandecast1,1324290998432878593,Tielt,Mariskaatje1985,244037515,False,False,2020-12-30 08:37:09
959,stevenheylen,29978778,Aartselaar,Peterpipo70,615541292,False,False,2020-12-30 08:36:55
960,PeterDeKeyzer,459283901,Antwerp,,,False,False,2020-12-30 08:36:39
961,JackyVandecast1,1324290998432878593,Tielt,Kaatje212121,1343219736004460544,False,False,2020-12-30 08:36:38
962,JackyVandecast1,1324290998432878593,Tielt,annekerocks,199624058,False,False,2020-12-30 08:36:22
963,bjornadins,53894418,Waregem,,,True,False,2020-12-30 08:36:16
964,BeaRios_,156776475,Elsene,BeaRios_,156776475,False,False,2020-12-30 08:36:07
965,thblomme,26269844,Ghent,dbervoet,230209323,False,False,2020-12-30 08:36:06
966,JackyVandecast1,1324290998432878593,Tielt,ToniWijshijer,1305085113538170881,False,False,2020-12-30 08:36:03
967,dorsie78,63194187,Brussels,PaulJBelcher,861144656,False,False,2020-12-30 08:35:55
968,JackyVandecast1,1324290998432878593,Tielt,VALENTiNE_1_,2540716364,False,False,2020-12-30 08:35:49
969,JeanSegersPhoto,708814454,Tournai,,,False,False,2020-12-30 08:35:13
970,JackyVandecast1,1324290998432878593,Tielt,OsOssie,1296405962,False,False,2020-12-30 08:35:12
971,Tarheel1311,1119995208,Schoten,robbekurt,848241157968736257,False,False,2020-12-30 08:34:57
972,Fricozoid,585564265,Ypres,megvinter,1214482791720800258,False,False,2020-12-30 08:34:45
973,JeanSegersPhoto,708814454,Tournai,,,False,False,2020-12-30 08:34:44
974,BenniDeJagere,40247846,Zoersel,sqldbawithbeard,19644837,False,False,2020-12-30 08:34:43
975,pitwo_navarro,766196472,Hemiksem,Josefabianramo5,949517894060265473,False,False,2020-12-30 08:34:17
976,JeanSegersPhoto,708814454,Tournai,,,False,False,2020-12-30 08:34:14
977,Fonzie109,31137394,Bruges,El_Tigra,241477883,False,False,2020-12-30 08:34:14
978,Marielle_Schalk,778983308390703104,Hoogstraten,Jakob_Blaauw,2786941013,False,False,2020-12-30 08:33:56
979,thblomme,26269844,Ghent,shntzl,1114731787719045120,False,False,2020-12-30 08:33:44
980,Streetiedominiq,2593280551,Kortrijk,,,False,False,2020-12-30 08:33:37
981,JeanSegersPhoto,708814454,Tournai,,,False,False,2020-12-30 08:33:30
982,FlandersBTour,29983589,Ypres,uttttu,93691807,False,False,2020-12-30 08:33:22
983,Scoopic,19235255,Brussels,,,False,False,2020-12-30 08:33:16
984,BeaRios_,156776475,Elsene,,,False,False,2020-12-30 08:33:15
985,JeanSegersPhoto,708814454,Tournai,,,False,False,2020-12-30 08:33:12
986,samvandenderen,3416153224,Beveren,,,False,False,2020-12-30 08:33:10
987,JackyVandecast1,1324290998432878593,Tielt,hapchard1972,714760679635492865,False,False,2020-12-30 08:32:51
988,JeanSegersPhoto,708814454,Tournai,,,False,False,2020-12-30 08:32:50
989,ABerghe,585509752,Ghent,BenWeyts,1451696935,True,False,2020-12-30 08:32:42
990,Laubeugnier_,1283112406420512776,Mouscron,,,True,False,2020-12-30 08:32:34
991,BelgeFrancois,871826057632022529,Jette,,,True,False,2020-12-30 08:32:18
992,meinertttt,127246601,Blankenberge,rikvos,1343578953995456517,False,False,2020-12-30 08:32:16
993,JeanSegersPhoto,708814454,Tournai,,,False,False,2020-12-30 08:32:03
994,JackyVandecast1,1324290998432878593,Tielt,Ingeborgvraagt,308538615,False,False,2020-12-30 08:31:57
995,nidjebu4,135436861,Etterbeek,,,True,False,2020-12-30 08:31:47
996,JeanSegersPhoto,708814454,Tournai,,,False,False,2020-12-30 08:31:42
997,JackyVandecast1,1324290998432878593,Tielt,Brigittevdr,1284535970298290177,False,False,2020-12-30 08:31:36
998,zikaele,932594007489826816,Sint-Gillis,,,True,False,2020-12-30 08:31:33
999,BeaRios_,156776475,Elsene,,,False,False,2020-12-30 08:31:30
